as_of_date,assets,observations,window_start_date,window_end_date,shrinkage,minimum_eigenvalue,maximum_eigenvalue,sample_condition_number,shrinkage_condition_number,mean_pairwise_correlation,median_pairwise_correlation,maximum_pairwise_correlation,minimum_pairwise_correlation
2020-01-31,50,252,2019-02-01,2020-01-31,0.05686679593833159,0.005288431109841001,0.8271928837984657,358.0425370904893,156.41555437097077,0.2713662805096656,0.2726473161927005,0.8288121203155432,-0.2545164938190484
2020-02-28,50,252,2019-03-01,2020-02-28,0.05646062473592439,0.005938179948680316,1.055437781980836,418.87750638047686,177.73758813344674,0.32126559241649855,0.3239826262911967,0.838814936659164,-0.16984090944886823
2020-03-31,50,252,2019-04-02,2020-03-31,0.09688544510356564,0.01869658525841748,4.527249328886393,1543.3486338606767,242.1431114993678,0.5418012135843053,0.5491526646350621,0.8721019773734837,0.1079404015220016
2020-04-30,50,252,2019-05-02,2020-04-30,0.07689268663267805,0.017629819816556,5.309156287645415,1523.2338380231906,301.146372616901,0.5630739188381498,0.5772550784682944,0.8952875773588334,0.12670314254582063
2020-05-29,50,252,2019-05-31,2020-05-29,0.07337048759301885,0.01777204044621179,5.472594983258068,1426.6179520219503,307.9328454051866,0.5588783774256286,0.5719101951616162,0.9017989691057428,0.1217528951932187
2020-06-30,50,252,2019-07-02,2020-06-30,0.06648165444949121,0.01771559609590832,5.829026134390654,1287.841074007759,329.03358728848656,0.5696389621961465,0.5822474243245249,0.9098026532280679,0.12504775144860472
2020-07-31,50,252,2019-08-02,2020-07-31,0.06569138995558639,0.017901737672569418,5.876794139231759,1279.1316237455696,328.28065334890454,0.5631460323712593,0.5774743863783741,0.909708825507821,0.12996197012178015
2020-08-31,50,252,2019-09-03,2020-08-31,0.06996572794867649,0.01879445069611139,5.673399615432519,1209.8492372525277,301.86567871368396,0.5467327976409474,0.5616164699643161,0.905430463430313,0.1251882346418989
2020-09-30,50,252,2019-10-02,2020-09-30,0.06621160335569463,0.018429844491933405,5.862868915674336,1263.8635831263598,318.11819780901936,0.5508200242037766,0.5645166417313927,0.9073464518252767,0.1451409728859753
2020-10-30,50,252,2019-11-01,2020-10-30,0.0638019212100226,0.018184694750345416,5.985629002483064,1270.0675164476636,329.15751870783475,0.5551735237002129,0.5710547244299239,0.9053035572097027,0.15343221199830234
2020-11-30,50,252,2019-12-02,2020-11-30,0.062200040113311234,0.01914502514669916,6.129912625678401,1147.9791091674033,320.18305427690933,0.540539722676805,0.5539828028238185,0.9116132843454394,0.11100231697449521
2020-12-31,50,252,2020-01-03,2020-12-31,0.062242534419788574,0.019294468097835093,6.126736686866186,1152.768105113864,317.5385118573764,0.5348287439578958,0.5504100919877416,0.9109111990346668,0.09676540827689432
2021-01-29,50,252,2020-01-31,2021-01-29,0.06093842814078448,0.019134230002050782,6.201682346833378,1204.8005047477043,324.1145500063858,0.5306169988230042,0.5462552780209841,0.9119327489453531,0.08024801562159044
2021-02-26,50,252,2020-02-28,2021-02-26,0.06493171544118535,0.019837634052915377,5.966831129104255,1144.3620409864607,300.78340558093873,0.51663693117211,0.5307462581989866,0.9099842856125265,0.06681480487387934
2021-03-31,50,252,2020-04-01,2021-03-31,0.050513914460330905,0.011206749839362899,2.343661935199611,490.7042100064083,209.12949506266918,0.3554549147258713,0.3629860235675379,0.907636653818539,-0.13154034855000285
2021-04-30,50,252,2020-05-01,2021-04-30,0.05747519304786744,0.010709035778250078,1.6888102279993236,364.5174161626408,157.69955978943287,0.2957512562718911,0.2921387486791233,0.8864306617863493,-0.11502572898036584
2021-05-28,50,252,2020-06-01,2021-05-28,0.06370188432143428,0.010359929783172794,1.4961326337547742,369.02952068371536,144.41532568926144,0.28629599344860107,0.28195743596866385,0.8687687082804924,-0.12506892570147313
2021-06-30,50,252,2020-07-01,2021-06-30,0.06912236952384336,0.010059736474442365,1.1651303729299374,302.43544173781316,115.82116250162726,0.23713947367542126,0.2251575812633348,0.8519724936270101,-0.21040569218785685
2021-07-30,50,252,2020-07-31,2021-07-30,0.07144137834983068,0.009941379205035298,1.1221180833772149,292.4656059680365,112.87348166025738,0.24171529581297513,0.23310318853381312,0.8532241270181821,-0.23612662608359816
2021-08-31,50,252,2020-09-01,2021-08-31,0.07247756326727466,0.009582557368924906,1.111634676499604,304.6384474984416,116.00605492897974,0.24905523863615872,0.24050259336508267,0.8663978118775428,-0.23696193345886757
2021-09-30,50,252,2020-10-01,2021-09-30,0.08009487681973143,0.009255642815455862,0.9638574209847737,297.60800541124416,104.13727497945824,0.22515890881684203,0.21448193161173548,0.8628209024114615,-0.2642452808438503
2021-10-29,50,252,2020-10-30,2021-10-29,0.08982329762775558,0.009588711940628299,0.8387801254871229,269.462183985365,87.47578722572027,0.1949605416814183,0.18409478422007203,0.8609031504682645,-0.30839416921801
2021-11-30,50,252,2020-12-01,2021-11-30,0.06541688737709885,0.007427570280986969,0.7362339634534862,230.2627477501693,99.12177678588804,0.21080082216745105,0.20266322011637317,0.8460192325370514,-0.2229023428302266
2021-12-31,50,252,2021-01-04,2021-12-31,0.05966928190343363,0.007296274258838364,0.8262382753669879,246.8578100978421,113.24112088661175,0.22845815542001255,0.22082510057088986,0.8413377598240988,-0.21825500337656736
2022-01-31,50,252,2021-02-02,2022-01-31,0.060640676490246945,0.007218209047969639,0.8548151036757146,271.2669628120655,118.42481950784699,0.21986097025651838,0.21090587015006187,0.8471550271463284,-0.25624309114890903
2022-02-28,50,252,2021-03-02,2022-02-28,0.06296609528107214,0.007590359854883034,0.9594165267219474,303.81529862800477,126.39934667981993,0.23062266208126792,0.22224650356345474,0.8294844830790881,-0.23588795696403062
2022-03-31,50,252,2021-04-05,2022-03-31,0.05596490196267679,0.007052863933215201,1.0803620749827765,355.3773736246301,153.18062069719647,0.24893637221231196,0.2555452199279026,0.8398311821257392,-0.24380630465364306
2022-04-29,50,252,2021-05-03,2022-04-29,0.05921597950314029,0.007597849276014819,1.2932435644286362,459.0089580659623,170.21179513407736,0.26882932995220954,0.2762149169607703,0.8472800556655556,-0.12855051053451327
2022-05-31,50,252,2021-06-02,2022-05-31,0.049755574652080664,0.007821831628224753,1.6317531132639962,493.8865985236871,208.61521838131642,0.30179580426335384,0.30720912476921736,0.8611751057611639,-0.10462649847103726
2022-06-30,50,252,2021-07-01,2022-06-30,0.04060582257979789,0.007586941581606842,1.9470339309065205,546.2832556270272,256.62961945387104,0.33612030387571856,0.34390343925902817,0.8777889443994034,-0.022076523408449275
2022-07-29,50,252,2021-07-30,2022-07-29,0.037806018877602175,0.007549337443633388,2.090364990117852,579.2865984274925,276.893834157689,0.3384488174895254,0.34684861244069864,0.8785648972021205,-0.058054045637811136
2022-08-31,50,252,2021-09-01,2022-08-31,0.033956623715736774,0.0072558457329441285,2.2439978908161864,622.1657115680171,309.2675855314344,0.3544180773598811,0.3649493929741004,0.8801321361233196,-0.06883530587118636
2022-09-30,50,252,2021-10-01,2022-09-30,0.031161951684195853,0.007255635243950125,2.429889049725112,647.4997361148763,334.8968033848176,0.3739260124659241,0.38575849185731625,0.8901444328893582,-0.06957009095488303
2022-10-31,50,252,2021-11-01,2022-10-31,0.02857024863000596,0.007805437108474535,2.6658117418925684,611.4972839258417,341.532665607958,0.3949659716549837,0.4098673192712357,0.8895680681067747,-0.03920373162014317
2022-11-30,50,252,2021-12-01,2022-11-30,0.02753975438585959,0.007854664973292505,2.953535913891757,674.0894352294899,376.0231561669922,0.4112649620480122,0.42080430415505754,0.8935678409137667,-0.018484081116129057
2022-12-30,50,252,2021-12-31,2022-12-30,0.026983097243727848,0.007648737373801189,2.979116222734789,701.373290585725,389.4912424289793,0.4191166215566226,0.4280977634043652,0.8939738015242831,-0.017998907071814858
2023-01-31,50,252,2022-01-31,2023-01-31,0.026057410405122446,0.007502231721799541,3.005493291595238,709.5366205832804,400.6132312418496,0.42847127693296433,0.4381424426775075,0.8876462082278371,-0.019617946708137917
2023-02-28,50,252,2022-02-28,2023-02-28,0.027503980471214155,0.007072416305411582,2.8729896182080674,772.7815692044472,406.22461887738973,0.42415015914190646,0.43244923911326405,0.888640488665262,-0.038849437052482005
2023-03-31,50,252,2022-03-31,2023-03-31,0.028228657609861787,0.006910657360321811,2.787212082365544,781.657200619889,403.3208328875591,0.43130849063171,0.4378864278900721,0.8899114950094075,-0.025485409318906607
2023-04-28,50,252,2022-04-28,2023-04-28,0.02745932887313791,0.006329889915747806,2.6799256589134197,831.288857898779,423.3763453367807,0.432283892822025,0.44045175444640483,0.8872005470787402,-0.03002056913870335
2023-05-31,50,252,2022-05-31,2023-05-31,0.03202501822699741,0.006342787862134942,2.244948570963879,729.9606208735215,353.93719918739765,0.4042192924147405,0.4154942249275593,0.8754653110719205,-0.025511972169881013
2023-06-30,50,252,2022-06-30,2023-06-30,0.03687172951863273,0.006274358066220309,1.9432108706025089,692.2513495779681,309.70672220068207,0.37730708405054997,0.38766304247895145,0.8600261512469656,-0.07023911934045789
2023-07-31,50,252,2022-07-29,2023-07-31,0.04071332115140609,0.006585811283428988,1.8053706228912763,622.3587789076503,274.13033037158135,0.3645851147854326,0.37148560626238164,0.8528317375760337,-0.08195623463578403
2023-08-31,50,252,2022-08-31,2023-08-31,0.04462126427598639,0.007097908784195996,1.6827603179665696,528.4969197427736,237.07832393019055,0.3518538687296626,0.36413721158604323,0.8388887328287318,-0.06634382558504705
2023-09-29,50,252,2022-09-29,2023-09-29,0.0490264350272933,0.007221705782800723,1.5176901983027689,489.1118701107412,210.15674744287088,0.32471171330662263,0.33366778993052804,0.8225568029713055,-0.09080106285877945
2023-10-31,50,252,2022-10-31,2023-10-31,0.05788304519486322,0.007397397840647488,1.270341836562959,429.6645601468787,171.72820279891346,0.2779827685670115,0.2784505198911801,0.8127413940170255,-0.10671175579349829
2023-11-30,50,252,2022-11-30,2023-11-30,0.05450707816300946,0.006807449555287865,1.054505818308428,355.0599140728249,154.90468342718933,0.2549460602867522,0.24893171423344448,0.8288910951258149,-0.0986886072579877
2023-12-29,50,252,2022-12-29,2023-12-29,0.06445422980769774,0.007104837098474742,0.9020390749865186,322.94214769013666,126.96126068536724,0.2239883499806453,0.21757243579494995,0.8149464200472768,-0.11915801308840128
2024-01-31,50,252,2023-01-31,2024-01-31,0.07185534055181686,0.007324476574155119,0.8015142762439964,290.68324456009816,109.42956375506577,0.20809571329904186,0.20567905796434313,0.8250413032515729,-0.14564991885939593
2024-02-29,50,252,2023-03-01,2024-02-29,0.07277975892748281,0.007490687606356249,0.7551290502394963,252.76645547677933,100.8090431643056,0.2023737082695215,0.19756842626437388,0.8225556854951335,-0.1464249783048575
2024-03-28,50,252,2023-03-29,2024-03-28,0.08274694899327754,0.008171883169781699,0.6751898658432893,210.60926943749655,82.62353386793765,0.18075289712700035,0.17101632256456978,0.7956145905283819,-0.16745551781932305
2024-04-30,50,252,2023-05-01,2024-04-30,0.08173987033563491,0.008294293596184632,0.6771995480443298,204.90119499657007,81.64644043416085,0.17632767754963294,0.17279109905273182,0.7928532471224169,-0.15462837052099923
2024-05-31,50,252,2023-06-01,2024-05-31,0.08397628046015243,0.008160403688856182,0.6161224495322446,191.93735914503694,75.50146696463305,0.17107724386744932,0.16716619967634486,0.7807624276912422,-0.18026757598036766
2024-06-28,50,252,2023-06-29,2024-06-28,0.09379539493456546,0.00871817140590832,0.5897209996138841,189.49229794289857,67.64273976240372,0.15743923631405296,0.15379712199350126,0.764878987256244,-0.19046666000811033
2024-07-31,50,252,2023-08-01,2024-07-31,0.08805720789706536,0.00896660851226785,0.6651595939174701,196.4313257522016,74.18184846672172,0.15309633806373815,0.14739058857872328,0.7532354888443986,-0.25925001944566756
2024-08-30,50,252,2023-08-31,2024-08-30,0.08234071072467716,0.008889431779888693,0.7523892875863745,216.39710224522594,84.63862552931315,0.1628704210357871,0.15437796234650544,0.7740003551937458,-0.22915247530347405
2024-09-30,50,252,2023-09-29,2024-09-30,0.07942955270117966,0.009121327343292804,0.7904428343865326,206.46680129296143,86.65875092924591,0.15701380094540804,0.14675885841465702,0.7747093264799603,-0.25616575155223226
2024-10-31,50,252,2023-11-01,2024-10-31,0.08296125815724283,0.009141064371319329,0.7669751454317271,208.20839814407384,83.90435886636564,0.14955366216325353,0.14043436425362793,0.7666384975697131,-0.2950038387519779
2024-11-29,50,252,2023-11-30,2024-11-29,0.09582280410502637,0.010595023944002474,0.7708183710588024,192.22746670714756,72.75286730193191,0.13578835295494698,0.12597499167285597,0.7227809946670473,-0.3033397283597517
2024-12-31,50,252,2024-01-02,2024-12-31,0.09131263957305355,0.010388013447201807,0.8267556048011135,210.60137644304945,79.58746000890238,0.1414662367670067,0.1344795443317764,0.732224923112891,-0.30677302695743847
2025-01-31,50,252,2024-01-31,2025-01-31,0.09380564452814565,0.010962170381107798,0.8747651356421984,223.3360267423775,79.79853489139052,0.1395134793452316,0.13717885846727146,0.7303069962065608,-0.3670587344230223
2025-02-28,50,252,2024-02-28,2025-02-28,0.08912730827739332,0.010306036381774927,0.8932124064949256,246.16502034034957,86.66885826974888,0.13594725571904212,0.13395955905722512,0.7452926894953972,-0.3869655701231053
2025-03-31,50,252,2024-03-28,2025-03-31,0.07591989671306798,0.009911755610375217,1.0387938597109718,267.06073443040276,104.80422445279038,0.1550125749215023,0.1591908899450863,0.7561982922278762,-0.419080968614768
2025-04-30,50,252,2024-04-29,2025-04-30,0.10989615479290764,0.01492104742877303,1.7097665083919429,449.03348368909974,114.58756609103145,0.25201715909182254,0.25726950224471085,0.7548801481854885,-0.3128982918098904
2025-05-30,50,252,2024-05-29,2025-05-30,0.10340725716047333,0.014535090790280234,1.8003717867906182,486.5673758944395,123.86381432130756,0.26032194816535587,0.2682899733803685,0.7704651669048763,-0.2862943898485494
2025-06-30,50,252,2024-06-27,2025-06-30,0.1026336355881643,0.014429965087185978,1.816726086262746,503.7407510266976,125.89954828622763,0.26180805331176954,0.26598493227504827,0.7779441944958265,-0.26933258204419863
2025-07-31,50,252,2024-07-30,2025-07-31,0.10696351407568193,0.014549552139767379,1.765527436590269,508.09979455264545,121.34582698010793,0.2645889948254144,0.27249734458500807,0.7759424604154089,-0.24773642881721142
2025-08-29,50,252,2024-08-28,2025-08-29,0.11857611395409463,0.015057865705234699,1.6338342964217012,520.2581524111212,108.50371018076736,0.2555490998964781,0.26121275381989184,0.7606219156052397,-0.22862567565774797
2025-09-30,50,252,2024-09-27,2025-09-30,0.13068573494146365,0.01613014200931259,1.5579132198513577,565.1686181844718,96.58397421125676,0.24474819577925047,0.24744359487730666,0.7446688930364002,-0.22199513662544437
2025-10-31,50,252,2024-10-30,2025-10-31,0.12616228406900845,0.01596903464658167,1.6023739619288055,577.6820056115683,100.34256906517595,0.2412618880458482,0.24310391490119204,0.7509539581410206,-0.21911290817831908
2025-11-28,50,252,2024-11-26,2025-11-28,0.12451422942723736,0.015455521427615089,1.5820365270937398,588.1695184477129,102.36060520527266,0.248001213035453,0.25347771374142125,0.7543622970281819,-0.21004456010467157
2025-12-31,50,252,2024-12-30,2025-12-31,0.1292438222002726,0.015882585271389048,1.5314945155661066,550.5303983277995,96.42602192257358,0.24092167590354907,0.24786753229578237,0.7562029579915053,-0.22187842358132637
2026-01-30,50,252,2025-01-30,2026-01-30,0.13305134721668418,0.01658387285302008,1.5058240434797816,482.75288847749636,90.80050581825097,0.23425114242520767,0.23720906530406188,0.7490467912607371,-0.17914746675408855
2026-02-27,50,252,2025-02-27,2026-02-27,0.13188907431225,0.016740543588429226,1.521621911187757,489.6622326368705,90.8944146974697,0.22936395082992012,0.2321973102651063,0.7503737689737972,-0.170394026529673
2026-03-31,50,252,2025-03-31,2026-03-31,0.1442940059459339,0.017379234074428932,1.4213108422672485,486.62097187213084,81.7821335612544,0.22389777261193056,0.21926459914783103,0.7604306017274799,-0.15298393989694783
2026-04-30,50,252,2025-04-30,2026-04-30,0.13210649485615408,0.014730543141825852,0.6802602243535862,178.1900827363189,46.18025403435798,0.11507025431175077,0.10983357496091531,0.7301865497756374,-0.24142293436742068
2026-05-29,50,252,2025-05-29,2026-05-29,0.14073599926551147,0.015621198651622554,0.6142710750165428,152.1351259603024,39.322915527531556,0.09412389513803016,0.0891424263383387,0.7185549903638918,-0.23935995458827208
