signal,sector,months,mean_ic,median_ic,preferred_direction,directional_mean_ic,directional_month_ratio
amihud_illiquidity_20d_sector_neutral,Communication Services,72,0.008333333333333316,0.09999999999999999,higher_is_better,0.008333333333333316,0.5
amihud_illiquidity_20d_sector_neutral,Consumer Discretionary,72,0.006349206349206333,-0.028571428571428574,higher_is_better,0.006349206349206333,0.4583333333333333
amihud_illiquidity_20d_sector_neutral,Consumer Staples,72,0.06805555555555555,0.049999999999999996,higher_is_better,0.06805555555555555,0.5
amihud_illiquidity_20d_sector_neutral,Energy,72,-0.013888888888888888,-0.5,higher_is_better,-0.013888888888888888,0.4861111111111111
amihud_illiquidity_20d_sector_neutral,Financials,72,0.031746031746031744,0.14285714285714288,higher_is_better,0.031746031746031744,0.5555555555555556
amihud_illiquidity_20d_sector_neutral,Health Care,72,0.09077380952380955,0.1785714285714286,higher_is_better,0.09077380952380955,0.5833333333333334
amihud_illiquidity_20d_sector_neutral,Industrials,72,0.00555555555555556,-0.049999999999999996,higher_is_better,0.00555555555555556,0.4722222222222222
amihud_illiquidity_20d_sector_neutral,Information Technology,72,0.008597883597883601,-0.011904761904761908,higher_is_better,0.008597883597883601,0.4861111111111111
average_dollar_volume_20d_sector_neutral,Communication Services,72,0.06388888888888888,0.19999999999999998,lower_is_better,-0.06388888888888888,0.375
average_dollar_volume_20d_sector_neutral,Consumer Discretionary,72,-0.0015873015873015817,0.028571428571428574,lower_is_better,0.0015873015873015817,0.4583333333333333
average_dollar_volume_20d_sector_neutral,Consumer Staples,72,-0.07083333333333333,-0.09999999999999999,lower_is_better,0.07083333333333333,0.5138888888888888
average_dollar_volume_20d_sector_neutral,Energy,72,0.013888888888888888,0.5,lower_is_better,-0.013888888888888888,0.4722222222222222
average_dollar_volume_20d_sector_neutral,Financials,72,-0.04117063492063492,-0.14285714285714288,lower_is_better,0.04117063492063492,0.5555555555555556
average_dollar_volume_20d_sector_neutral,Health Care,72,-0.05753968253968254,-0.07142857142857144,lower_is_better,0.05753968253968254,0.5555555555555556
average_dollar_volume_20d_sector_neutral,Industrials,72,-0.034722222222222224,-0.09999999999999999,lower_is_better,0.034722222222222224,0.5694444444444444
average_dollar_volume_20d_sector_neutral,Information Technology,72,0.009259259259259267,0.08333333333333334,lower_is_better,-0.009259259259259267,0.4583333333333333
beta_60d_market_sector_neutral,Communication Services,70,0.15428571428571433,0.19999999999999998,higher_is_better,0.15428571428571433,0.5428571428571428
beta_60d_market_sector_neutral,Consumer Discretionary,70,0.017142857142857144,-0.028571428571428574,higher_is_better,0.017142857142857144,0.4714285714285714
beta_60d_market_sector_neutral,Consumer Staples,70,0.0457142857142857,0.09999999999999999,higher_is_better,0.0457142857142857,0.5285714285714286
beta_60d_market_sector_neutral,Energy,70,-0.15714285714285714,-0.5,higher_is_better,-0.15714285714285714,0.38571428571428573
beta_60d_market_sector_neutral,Financials,70,0.04336734693877553,0.03571428571428572,higher_is_better,0.04336734693877553,0.5
beta_60d_market_sector_neutral,Health Care,70,0.022959183673469392,0.053571428571428575,higher_is_better,0.022959183673469392,0.5285714285714286
beta_60d_market_sector_neutral,Industrials,70,-0.04285714285714284,-0.049999999999999996,higher_is_better,-0.04285714285714284,0.42857142857142855
beta_60d_market_sector_neutral,Information Technology,70,0.09931972789115646,0.14285714285714288,higher_is_better,0.09931972789115646,0.6285714285714286
distance_sma_200d_sector_neutral,Communication Services,63,-0.02539682539682542,-0.19999999999999998,higher_is_better,-0.02539682539682542,0.4444444444444444
distance_sma_200d_sector_neutral,Consumer Discretionary,63,-0.03038548752834466,-0.028571428571428574,higher_is_better,-0.03038548752834466,0.47619047619047616
distance_sma_200d_sector_neutral,Consumer Staples,63,-0.03174603174603176,-0.09999999999999999,higher_is_better,-0.03174603174603176,0.3968253968253968
distance_sma_200d_sector_neutral,Energy,63,0.06349206349206349,0.5,higher_is_better,0.06349206349206349,0.5555555555555556
distance_sma_200d_sector_neutral,Financials,63,0.06972789115646259,0.14285714285714288,higher_is_better,0.06972789115646259,0.5873015873015873
distance_sma_200d_sector_neutral,Health Care,63,0.03571428571428572,0.0,higher_is_better,0.03571428571428572,0.49206349206349204
distance_sma_200d_sector_neutral,Industrials,63,-0.05873015873015871,-0.09999999999999999,higher_is_better,-0.05873015873015871,0.4603174603174603
distance_sma_200d_sector_neutral,Information Technology,63,0.1198034769463341,0.1666666666666667,higher_is_better,0.1198034769463341,0.6666666666666666
distance_sma_50d_sector_neutral,Communication Services,70,-0.06571428571428571,-0.19999999999999998,lower_is_better,0.06571428571428571,0.6
distance_sma_50d_sector_neutral,Consumer Discretionary,70,0.012244897959183671,-0.028571428571428574,lower_is_better,-0.012244897959183671,0.5285714285714286
distance_sma_50d_sector_neutral,Consumer Staples,70,0.008571428571428563,0.0,lower_is_better,-0.008571428571428563,0.4857142857142857
distance_sma_50d_sector_neutral,Energy,70,-0.1,-0.5,lower_is_better,0.1,0.6
distance_sma_50d_sector_neutral,Financials,70,-0.0015306122448979706,0.03571428571428572,lower_is_better,0.0015306122448979706,0.4857142857142857
distance_sma_50d_sector_neutral,Health Care,70,-0.027040816326530624,0.0,lower_is_better,0.027040816326530624,0.4857142857142857
distance_sma_50d_sector_neutral,Industrials,70,-0.02571428571428571,-0.09999999999999999,lower_is_better,0.02571428571428571,0.5285714285714286
distance_sma_50d_sector_neutral,Information Technology,70,-0.02312925170068027,0.011904761904761908,lower_is_better,0.02312925170068027,0.4857142857142857
dollar_volume_change_20d_60d_sector_neutral,Communication Services,70,-0.04,-0.19999999999999998,lower_is_better,0.04,0.5428571428571428
dollar_volume_change_20d_60d_sector_neutral,Consumer Discretionary,70,-0.004081632653061229,-0.028571428571428574,lower_is_better,0.004081632653061229,0.5285714285714286
dollar_volume_change_20d_60d_sector_neutral,Consumer Staples,70,-0.041428571428571426,-0.09999999999999999,lower_is_better,0.041428571428571426,0.5428571428571428
dollar_volume_change_20d_60d_sector_neutral,Energy,70,-0.014285714285714285,-0.5,lower_is_better,0.014285714285714285,0.5285714285714286
dollar_volume_change_20d_60d_sector_neutral,Financials,70,-0.02704081632653062,-0.03571428571428572,lower_is_better,0.02704081632653062,0.5142857142857142
dollar_volume_change_20d_60d_sector_neutral,Health Care,70,0.01581632653061224,0.0892857142857143,lower_is_better,-0.01581632653061224,0.42857142857142855
dollar_volume_change_20d_60d_sector_neutral,Industrials,70,0.005714285714285703,0.0,lower_is_better,-0.005714285714285703,0.4857142857142857
dollar_volume_change_20d_60d_sector_neutral,Information Technology,70,-0.015306122448979588,-0.04761904761904763,lower_is_better,0.015306122448979588,0.5285714285714286
downside_volatility_60d_sector_neutral,Communication Services,70,0.09142857142857144,0.19999999999999998,higher_is_better,0.09142857142857144,0.5857142857142857
downside_volatility_60d_sector_neutral,Consumer Discretionary,70,-0.01469387755102041,-0.08571428571428573,higher_is_better,-0.01469387755102041,0.44285714285714284
downside_volatility_60d_sector_neutral,Consumer Staples,70,0.022857142857142854,0.0,higher_is_better,0.022857142857142854,0.4857142857142857
downside_volatility_60d_sector_neutral,Energy,70,-0.09285714285714286,-0.5,higher_is_better,-0.09285714285714286,0.44285714285714284
downside_volatility_60d_sector_neutral,Financials,70,0.030612244897959176,0.14285714285714288,higher_is_better,0.030612244897959176,0.5571428571428572
downside_volatility_60d_sector_neutral,Health Care,70,0.050000000000000024,0.14285714285714288,higher_is_better,0.050000000000000024,0.5857142857142857
downside_volatility_60d_sector_neutral,Industrials,70,-0.030000000000000013,-0.09999999999999999,higher_is_better,-0.030000000000000013,0.4
downside_volatility_60d_sector_neutral,Information Technology,70,0.01598639455782313,0.09523809523809526,higher_is_better,0.01598639455782313,0.5571428571428572
max_drawdown_126d_sector_neutral,Communication Services,66,-0.054545454545454536,-0.19999999999999998,lower_is_better,0.054545454545454536,0.5151515151515151
max_drawdown_126d_sector_neutral,Consumer Discretionary,66,-0.0329004329004329,-0.028571428571428577,lower_is_better,0.0329004329004329,0.5
max_drawdown_126d_sector_neutral,Consumer Staples,66,0.03181818181818182,0.09999999999999999,lower_is_better,-0.03181818181818182,0.45454545454545453
max_drawdown_126d_sector_neutral,Energy,66,0.17424242424242425,0.5,lower_is_better,-0.17424242424242425,0.3787878787878788
max_drawdown_126d_sector_neutral,Financials,66,-0.03300865800865803,-0.03571428571428572,lower_is_better,0.03300865800865803,0.5
max_drawdown_126d_sector_neutral,Health Care,66,0.09307359307359309,0.10714285714285716,lower_is_better,-0.09307359307359309,0.42424242424242425
max_drawdown_126d_sector_neutral,Industrials,66,-0.07727272727272726,-0.19999999999999998,lower_is_better,0.07727272727272726,0.5909090909090909
max_drawdown_126d_sector_neutral,Information Technology,66,-0.0764790764790765,-0.08333333333333334,lower_is_better,0.0764790764790765,0.5757575757575758
momentum_12_1_sector_neutral,Communication Services,60,0.04,0.19999999999999998,lower_is_better,-0.04,0.4
momentum_12_1_sector_neutral,Consumer Discretionary,60,-0.04380952380952382,-0.05714285714285715,lower_is_better,0.04380952380952382,0.5166666666666667
momentum_12_1_sector_neutral,Consumer Staples,60,-0.06666666666666667,-0.09999999999999999,lower_is_better,0.06666666666666667,0.6
momentum_12_1_sector_neutral,Energy,60,0.09166666666666666,0.5,lower_is_better,-0.09166666666666666,0.45
momentum_12_1_sector_neutral,Financials,60,0.06071428571428573,0.07142857142857144,lower_is_better,-0.06071428571428573,0.45
momentum_12_1_sector_neutral,Health Care,60,0.03154761904761904,0.0892857142857143,lower_is_better,-0.03154761904761904,0.48333333333333334
momentum_12_1_sector_neutral,Industrials,60,-0.08666666666666666,-0.09999999999999999,lower_is_better,0.08666666666666666,0.5166666666666667
momentum_12_1_sector_neutral,Information Technology,60,0.07301587301587303,0.07142857142857144,lower_is_better,-0.07301587301587303,0.4
momentum_6_1_sector_neutral,Communication Services,66,0.009090909090909085,0.0,higher_is_better,0.009090909090909085,0.4696969696969697
momentum_6_1_sector_neutral,Consumer Discretionary,66,-0.129004329004329,-0.14285714285714288,higher_is_better,-0.129004329004329,0.3333333333333333
momentum_6_1_sector_neutral,Consumer Staples,66,-0.00909090909090909,-0.09999999999999999,higher_is_better,-0.00909090909090909,0.4393939393939394
momentum_6_1_sector_neutral,Energy,66,0.09848484848484848,0.5,higher_is_better,0.09848484848484848,0.5757575757575758
momentum_6_1_sector_neutral,Financials,66,0.007034632034632044,-0.053571428571428575,higher_is_better,0.007034632034632044,0.45454545454545453
momentum_6_1_sector_neutral,Health Care,66,0.08874458874458875,0.07142857142857144,higher_is_better,0.08874458874458875,0.5303030303030303
momentum_6_1_sector_neutral,Industrials,66,-0.09545454545454543,-0.09999999999999999,higher_is_better,-0.09545454545454543,0.3939393939393939
momentum_6_1_sector_neutral,Information Technology,66,0.1334776334776335,0.16666666666666669,higher_is_better,0.1334776334776335,0.5909090909090909
positive_day_ratio_60d_sector_neutral,Communication Services,70,-0.038203180236195504,0.0,lower_is_better,0.038203180236195504,0.5
positive_day_ratio_60d_sector_neutral,Consumer Discretionary,70,-0.02478721914193972,-0.029424494316824982,lower_is_better,0.02478721914193972,0.5571428571428572
positive_day_ratio_60d_sector_neutral,Consumer Staples,70,-0.0276953644851198,-0.025649458802128853,lower_is_better,0.0276953644851198,0.5
positive_day_ratio_60d_sector_neutral,Energy,70,-0.040430385984602774,0.0,lower_is_better,0.040430385984602774,0.42857142857142855
positive_day_ratio_60d_sector_neutral,Financials,70,0.09174728883013948,0.21821789023599242,lower_is_better,-0.09174728883013948,0.4142857142857143
positive_day_ratio_60d_sector_neutral,Health Care,70,-0.017219374415530092,0.009356014857063997,lower_is_better,0.017219374415530092,0.4857142857142857
positive_day_ratio_60d_sector_neutral,Industrials,70,-0.04159202115854869,-0.049999999999999996,lower_is_better,0.04159202115854869,0.5
positive_day_ratio_60d_sector_neutral,Information Technology,70,0.10056742447446958,0.14415197962157753,lower_is_better,-0.10056742447446958,0.37142857142857144
return_1m_sector_neutral,Communication Services,71,-0.039436619718309855,-0.19999999999999998,lower_is_better,0.039436619718309855,0.5070422535211268
return_1m_sector_neutral,Consumer Discretionary,71,0.0012072434607645777,0.08571428571428573,lower_is_better,-0.0012072434607645777,0.4507042253521127
return_1m_sector_neutral,Consumer Staples,71,-0.06901408450704224,-0.09999999999999999,lower_is_better,0.06901408450704224,0.5492957746478874
return_1m_sector_neutral,Energy,71,-0.11971830985915492,-0.5,lower_is_better,0.11971830985915492,0.5774647887323944
return_1m_sector_neutral,Financials,71,-0.006036217303822932,-0.07142857142857144,lower_is_better,0.006036217303822932,0.5070422535211268
return_1m_sector_neutral,Health Care,71,-0.04225352112676057,0.0,lower_is_better,0.04225352112676057,0.4788732394366197
return_1m_sector_neutral,Industrials,71,0.014084507042253521,0.09999999999999999,lower_is_better,-0.014084507042253521,0.43661971830985913
return_1m_sector_neutral,Information Technology,71,-0.02213279678068411,0.04761904761904763,lower_is_better,0.02213279678068411,0.4788732394366197
return_1w_sector_neutral,Communication Services,72,0.09722222222222221,0.19999999999999998,lower_is_better,-0.09722222222222221,0.4027777777777778
return_1w_sector_neutral,Consumer Discretionary,72,0.037301587301587294,0.08571428571428573,lower_is_better,-0.037301587301587294,0.4583333333333333
return_1w_sector_neutral,Consumer Staples,72,-0.12916666666666662,-0.19999999999999998,lower_is_better,0.12916666666666662,0.5972222222222222
return_1w_sector_neutral,Energy,72,-0.0763888888888889,-0.5,lower_is_better,0.0763888888888889,0.5555555555555556
return_1w_sector_neutral,Financials,72,-0.09821428571428573,-0.14285714285714288,lower_is_better,0.09821428571428573,0.5972222222222222
return_1w_sector_neutral,Health Care,72,0.030753968253968263,0.03571428571428572,lower_is_better,-0.030753968253968263,0.4444444444444444
return_1w_sector_neutral,Industrials,72,-0.05972222222222222,-0.049999999999999996,lower_is_better,0.05972222222222222,0.5
return_1w_sector_neutral,Information Technology,72,-0.06911375661375664,-0.07142857142857144,lower_is_better,0.06911375661375664,0.5694444444444444
return_3m_sector_neutral,Communication Services,69,0.0434782608695652,0.0,higher_is_better,0.0434782608695652,0.4927536231884058
return_3m_sector_neutral,Consumer Discretionary,69,-0.03519668737060043,-0.08571428571428573,higher_is_better,-0.03519668737060043,0.4782608695652174
return_3m_sector_neutral,Consumer Staples,69,-0.03043478260869566,0.0,higher_is_better,-0.03043478260869566,0.43478260869565216
return_3m_sector_neutral,Energy,69,-0.021739130434782608,-0.5,higher_is_better,-0.021739130434782608,0.463768115942029
return_3m_sector_neutral,Financials,69,0.06935817805383024,0.03571428571428572,higher_is_better,0.06935817805383024,0.5217391304347826
return_3m_sector_neutral,Health Care,69,-0.016563146997929618,0.0,higher_is_better,-0.016563146997929618,0.4927536231884058
return_3m_sector_neutral,Industrials,69,-0.0028985507246376747,0.09999999999999999,higher_is_better,-0.0028985507246376747,0.5217391304347826
return_3m_sector_neutral,Information Technology,69,0.11042097998619739,0.11904761904761905,higher_is_better,0.11042097998619739,0.6231884057971014
reversal_1m_sector_neutral,Communication Services,71,0.039436619718309855,0.19999999999999998,higher_is_better,0.039436619718309855,0.5070422535211268
reversal_1m_sector_neutral,Consumer Discretionary,71,-0.0012072434607645777,-0.08571428571428573,higher_is_better,-0.0012072434607645777,0.4507042253521127
reversal_1m_sector_neutral,Consumer Staples,71,0.06901408450704224,0.09999999999999999,higher_is_better,0.06901408450704224,0.5492957746478874
reversal_1m_sector_neutral,Energy,71,0.11971830985915492,0.5,higher_is_better,0.11971830985915492,0.5774647887323944
reversal_1m_sector_neutral,Financials,71,0.006036217303822932,0.07142857142857144,higher_is_better,0.006036217303822932,0.5070422535211268
reversal_1m_sector_neutral,Health Care,71,0.04225352112676057,0.0,higher_is_better,0.04225352112676057,0.4788732394366197
reversal_1m_sector_neutral,Industrials,71,-0.014084507042253521,-0.09999999999999999,higher_is_better,-0.014084507042253521,0.43661971830985913
reversal_1m_sector_neutral,Information Technology,71,0.02213279678068411,-0.04761904761904763,higher_is_better,0.02213279678068411,0.4788732394366197
sma_50_200_spread_sector_neutral,Communication Services,63,-0.015873015873015883,0.0,higher_is_better,-0.015873015873015883,0.4603174603174603
sma_50_200_spread_sector_neutral,Consumer Discretionary,63,-0.10476190476190476,-0.08571428571428573,higher_is_better,-0.10476190476190476,0.3968253968253968
sma_50_200_spread_sector_neutral,Consumer Staples,63,-0.05555555555555555,-0.09999999999999999,higher_is_better,-0.05555555555555555,0.4603174603174603
sma_50_200_spread_sector_neutral,Energy,63,0.1111111111111111,0.5,higher_is_better,0.1111111111111111,0.5555555555555556
sma_50_200_spread_sector_neutral,Financials,63,0.01927437641723357,0.07142857142857144,higher_is_better,0.01927437641723357,0.5396825396825397
sma_50_200_spread_sector_neutral,Health Care,63,0.060090702947845825,0.07142857142857144,higher_is_better,0.060090702947845825,0.5555555555555556
sma_50_200_spread_sector_neutral,Industrials,63,-0.09999999999999999,-0.09999999999999999,higher_is_better,-0.09999999999999999,0.38095238095238093
sma_50_200_spread_sector_neutral,Information Technology,63,0.14814814814814817,0.2380952380952381,higher_is_better,0.14814814814814817,0.6349206349206349
volatility_20d_sector_neutral,Communication Services,72,0.11944444444444446,0.19999999999999998,higher_is_better,0.11944444444444446,0.5277777777777778
volatility_20d_sector_neutral,Consumer Discretionary,72,-0.042857142857142844,-0.028571428571428574,higher_is_better,-0.042857142857142844,0.4861111111111111
volatility_20d_sector_neutral,Consumer Staples,72,-0.012500000000000004,-0.09999999999999999,higher_is_better,-0.012500000000000004,0.4166666666666667
volatility_20d_sector_neutral,Energy,72,0.0,0.0,higher_is_better,0.0,0.5
volatility_20d_sector_neutral,Financials,72,-0.013392857142857147,0.03571428571428572,higher_is_better,-0.013392857142857147,0.5138888888888888
volatility_20d_sector_neutral,Health Care,72,0.02827380952380952,0.053571428571428575,higher_is_better,0.02827380952380952,0.5416666666666666
volatility_20d_sector_neutral,Industrials,72,-0.022222222222222213,0.09999999999999999,higher_is_better,-0.022222222222222213,0.5138888888888888
volatility_20d_sector_neutral,Information Technology,72,0.07804232804232805,0.10714285714285715,higher_is_better,0.07804232804232805,0.6111111111111112
volatility_60d_sector_neutral,Communication Services,70,0.12000000000000001,0.19999999999999998,higher_is_better,0.12000000000000001,0.5857142857142857
volatility_60d_sector_neutral,Consumer Discretionary,70,-0.011428571428571437,-0.028571428571428574,higher_is_better,-0.011428571428571437,0.4714285714285714
volatility_60d_sector_neutral,Consumer Staples,70,-0.01999999999999999,-0.09999999999999999,higher_is_better,-0.01999999999999999,0.44285714285714284
volatility_60d_sector_neutral,Energy,70,-0.07142857142857142,-0.5,higher_is_better,-0.07142857142857142,0.4714285714285714
volatility_60d_sector_neutral,Financials,70,0.056122448979591844,0.14285714285714288,higher_is_better,0.056122448979591844,0.5571428571428572
volatility_60d_sector_neutral,Health Care,70,0.06071428571428574,0.07142857142857144,higher_is_better,0.06071428571428574,0.5714285714285714
volatility_60d_sector_neutral,Industrials,70,-0.03142857142857142,-0.09999999999999999,higher_is_better,-0.03142857142857142,0.42857142857142855
volatility_60d_sector_neutral,Information Technology,70,0.06360544217687075,0.08333333333333334,higher_is_better,0.06360544217687075,0.5714285714285714
