model_name,from_date,to_date,valid_transition,top_quintile_turnover,top_quintile_overlap_ratio,mean_absolute_percentile_change
constant,2020-01-31,2020-02-28,False,,,
elastic_net,2020-01-31,2020-02-28,True,0.49999999999999994,0.5,0.17679999999999998
equal_weight_composite,2020-01-31,2020-02-28,True,0.49999999999999994,0.5,0.18080000000000002
momentum_3m,2020-01-31,2020-02-28,True,0.3,0.7,0.1352
ridge,2020-01-31,2020-02-28,True,0.49999999999999994,0.5,0.17920000000000003
constant,2020-02-28,2020-03-31,False,,,
elastic_net,2020-02-28,2020-03-31,True,0.39999999999999997,0.6,0.21359999999999996
equal_weight_composite,2020-02-28,2020-03-31,True,0.49999999999999994,0.5,0.2072
momentum_3m,2020-02-28,2020-03-31,True,0.3,0.7,0.1776
ridge,2020-02-28,2020-03-31,True,0.39999999999999997,0.6,0.2128
constant,2020-03-31,2020-04-30,False,,,
elastic_net,2020-03-31,2020-04-30,True,0.49999999999999994,0.5,0.21040000000000003
equal_weight_composite,2020-03-31,2020-04-30,True,0.39999999999999997,0.6,0.14159999999999998
momentum_3m,2020-03-31,2020-04-30,True,0.1,0.9,0.09680000000000001
ridge,2020-03-31,2020-04-30,True,0.49999999999999994,0.5,0.20319999999999996
constant,2020-04-30,2020-05-29,False,,,
elastic_net,2020-04-30,2020-05-29,True,0.49999999999999994,0.5,0.21599999999999994
equal_weight_composite,2020-04-30,2020-05-29,True,0.49999999999999994,0.5,0.17279999999999998
momentum_3m,2020-04-30,2020-05-29,True,0.3,0.7,0.1392
ridge,2020-04-30,2020-05-29,True,0.49999999999999994,0.5,0.21439999999999998
constant,2020-05-29,2020-06-30,False,,,
elastic_net,2020-05-29,2020-06-30,True,0.49999999999999994,0.5,0.25680000000000003
equal_weight_composite,2020-05-29,2020-06-30,True,0.49999999999999994,0.5,0.16239999999999996
momentum_3m,2020-05-29,2020-06-30,True,0.49999999999999994,0.5,0.22
ridge,2020-05-29,2020-06-30,True,0.49999999999999994,0.5,0.248
constant,2020-06-30,2020-07-31,False,,,
elastic_net,2020-06-30,2020-07-31,True,0.49999999999999994,0.5,0.1488
equal_weight_composite,2020-06-30,2020-07-31,True,0.3,0.7,0.10079999999999999
momentum_3m,2020-06-30,2020-07-31,True,0.3,0.7,0.1536
ridge,2020-06-30,2020-07-31,True,0.39999999999999997,0.6,0.14800000000000002
constant,2020-07-31,2020-08-31,False,,,
elastic_net,2020-07-31,2020-08-31,True,0.49999999999999994,0.5,0.13679999999999998
equal_weight_composite,2020-07-31,2020-08-31,True,0.3,0.7,0.10959999999999998
momentum_3m,2020-07-31,2020-08-31,True,0.2,0.8,0.11919999999999999
ridge,2020-07-31,2020-08-31,True,0.49999999999999994,0.5,0.136
constant,2020-08-31,2020-09-30,False,,,
elastic_net,2020-08-31,2020-09-30,True,0.3,0.7,0.1352
equal_weight_composite,2020-08-31,2020-09-30,True,0.39999999999999997,0.6,0.28240000000000004
momentum_3m,2020-08-31,2020-09-30,True,0.0,1.0,0.136
ridge,2020-08-31,2020-09-30,True,0.3,0.7,0.1352
constant,2020-09-30,2020-10-30,False,,,
elastic_net,2020-09-30,2020-10-30,True,0.49999999999999994,0.5,0.19119999999999998
equal_weight_composite,2020-09-30,2020-10-30,True,0.49999999999999994,0.5,0.21839999999999996
momentum_3m,2020-09-30,2020-10-30,True,0.49999999999999994,0.5,0.16880000000000003
ridge,2020-09-30,2020-10-30,True,0.49999999999999994,0.5,0.19119999999999998
constant,2020-10-30,2020-11-30,False,,,
elastic_net,2020-10-30,2020-11-30,True,0.6,0.4,0.2224
equal_weight_composite,2020-10-30,2020-11-30,True,0.39999999999999997,0.6,0.2368
momentum_3m,2020-10-30,2020-11-30,True,0.39999999999999997,0.6,0.19039999999999999
ridge,2020-10-30,2020-11-30,True,0.6,0.4,0.2224
constant,2020-11-30,2020-12-31,False,,,
elastic_net,2020-11-30,2020-12-31,True,0.3,0.7,0.14959999999999998
equal_weight_composite,2020-11-30,2020-12-31,True,0.3,0.7,0.1728
momentum_3m,2020-11-30,2020-12-31,True,0.39999999999999997,0.6,0.1632
ridge,2020-11-30,2020-12-31,True,0.3,0.7,0.1464
constant,2020-12-31,2021-01-29,False,,,
elastic_net,2020-12-31,2021-01-29,True,0.2,0.8,0.13760000000000003
equal_weight_composite,2020-12-31,2021-01-29,True,0.6,0.4,0.21199999999999997
momentum_3m,2020-12-31,2021-01-29,True,0.2,0.8,0.11359999999999999
ridge,2020-12-31,2021-01-29,True,0.3,0.7,0.1344
constant,2021-01-29,2021-02-26,False,,,
elastic_net,2021-01-29,2021-02-26,True,0.39999999999999997,0.6,0.17999999999999997
equal_weight_composite,2021-01-29,2021-02-26,True,0.49999999999999994,0.5,0.22719999999999999
momentum_3m,2021-01-29,2021-02-26,True,0.3,0.7,0.152
ridge,2021-01-29,2021-02-26,True,0.39999999999999997,0.6,0.1816
constant,2021-02-26,2021-03-31,False,,,
elastic_net,2021-02-26,2021-03-31,True,0.3,0.7,0.12239999999999998
equal_weight_composite,2021-02-26,2021-03-31,True,0.3,0.7,0.1432
momentum_3m,2021-02-26,2021-03-31,True,0.49999999999999994,0.5,0.19360000000000002
ridge,2021-02-26,2021-03-31,True,0.3,0.7,0.12399999999999999
constant,2021-03-31,2021-04-30,False,,,
elastic_net,2021-03-31,2021-04-30,True,0.3,0.7,0.17999999999999997
equal_weight_composite,2021-03-31,2021-04-30,True,0.3,0.7,0.156
momentum_3m,2021-03-31,2021-04-30,True,0.49999999999999994,0.5,0.2096
ridge,2021-03-31,2021-04-30,True,0.3,0.7,0.17679999999999998
constant,2021-04-30,2021-05-28,False,,,
elastic_net,2021-04-30,2021-05-28,True,0.6,0.4,0.2072
equal_weight_composite,2021-04-30,2021-05-28,True,0.6,0.4,0.21599999999999997
momentum_3m,2021-04-30,2021-05-28,True,0.2,0.8,0.11679999999999997
ridge,2021-04-30,2021-05-28,True,0.6,0.4,0.2104
constant,2021-05-28,2021-06-30,False,,,
elastic_net,2021-05-28,2021-06-30,True,0.39999999999999997,0.6,0.18719999999999998
equal_weight_composite,2021-05-28,2021-06-30,True,0.49999999999999994,0.5,0.23120000000000002
momentum_3m,2021-05-28,2021-06-30,True,0.49999999999999994,0.5,0.23199999999999998
ridge,2021-05-28,2021-06-30,True,0.39999999999999997,0.6,0.18960000000000002
constant,2021-06-30,2021-07-30,False,,,
elastic_net,2021-06-30,2021-07-30,True,0.3,0.7,0.10640000000000002
equal_weight_composite,2021-06-30,2021-07-30,True,0.39999999999999997,0.6,0.1592
momentum_3m,2021-06-30,2021-07-30,True,0.3,0.7,0.1664
ridge,2021-06-30,2021-07-30,True,0.3,0.7,0.10800000000000001
constant,2021-07-30,2021-08-31,False,,,
elastic_net,2021-07-30,2021-08-31,True,0.3,0.7,0.12719999999999998
equal_weight_composite,2021-07-30,2021-08-31,True,0.39999999999999997,0.6,0.18560000000000001
momentum_3m,2021-07-30,2021-08-31,True,0.39999999999999997,0.6,0.176
ridge,2021-07-30,2021-08-31,True,0.3,0.7,0.12960000000000002
constant,2021-08-31,2021-09-30,False,,,
elastic_net,2021-08-31,2021-09-30,True,0.3,0.7,0.15599999999999997
equal_weight_composite,2021-08-31,2021-09-30,True,0.39999999999999997,0.6,0.22479999999999997
momentum_3m,2021-08-31,2021-09-30,True,0.49999999999999994,0.5,0.23360000000000003
ridge,2021-08-31,2021-09-30,True,0.3,0.7,0.15519999999999998
constant,2021-09-30,2021-10-29,False,,,
elastic_net,2021-09-30,2021-10-29,True,0.39999999999999997,0.6,0.15360000000000001
equal_weight_composite,2021-09-30,2021-10-29,True,0.39999999999999997,0.6,0.16799999999999998
momentum_3m,2021-09-30,2021-10-29,True,0.49999999999999994,0.5,0.17919999999999997
ridge,2021-09-30,2021-10-29,True,0.39999999999999997,0.6,0.1544
constant,2021-10-29,2021-11-30,False,,,
elastic_net,2021-10-29,2021-11-30,True,0.49999999999999994,0.5,0.14159999999999998
equal_weight_composite,2021-10-29,2021-11-30,True,0.49999999999999994,0.5,0.1984
momentum_3m,2021-10-29,2021-11-30,True,0.39999999999999997,0.6,0.1328
ridge,2021-10-29,2021-11-30,True,0.49999999999999994,0.5,0.14159999999999998
constant,2021-11-30,2021-12-31,False,,,
elastic_net,2021-11-30,2021-12-31,True,0.2,0.8,0.1056
equal_weight_composite,2021-11-30,2021-12-31,True,0.39999999999999997,0.6,0.17439999999999997
momentum_3m,2021-11-30,2021-12-31,True,0.39999999999999997,0.6,0.1704
ridge,2021-11-30,2021-12-31,True,0.2,0.8,0.10239999999999999
constant,2021-12-31,2022-01-31,False,,,
elastic_net,2021-12-31,2022-01-31,True,0.39999999999999997,0.6,0.19039999999999999
equal_weight_composite,2021-12-31,2022-01-31,True,0.49999999999999994,0.5,0.18400000000000002
momentum_3m,2021-12-31,2022-01-31,True,0.6,0.4,0.28079999999999994
ridge,2021-12-31,2022-01-31,True,0.39999999999999997,0.6,0.19440000000000002
constant,2022-01-31,2022-02-28,False,,,
elastic_net,2022-01-31,2022-02-28,True,0.39999999999999997,0.6,0.1568
equal_weight_composite,2022-01-31,2022-02-28,True,0.7000000000000001,0.3,0.17999999999999997
momentum_3m,2022-01-31,2022-02-28,True,0.39999999999999997,0.6,0.1656
ridge,2022-01-31,2022-02-28,True,0.39999999999999997,0.6,0.1592
constant,2022-02-28,2022-03-31,False,,,
elastic_net,2022-02-28,2022-03-31,True,0.39999999999999997,0.6,0.16
equal_weight_composite,2022-02-28,2022-03-31,True,0.49999999999999994,0.5,0.2064
momentum_3m,2022-02-28,2022-03-31,True,0.49999999999999994,0.5,0.2016
ridge,2022-02-28,2022-03-31,True,0.39999999999999997,0.6,0.19119999999999998
constant,2022-03-31,2022-04-29,False,,,
elastic_net,2022-03-31,2022-04-29,True,0.39999999999999997,0.6,0.1256
equal_weight_composite,2022-03-31,2022-04-29,True,0.39999999999999997,0.6,0.22319999999999995
momentum_3m,2022-03-31,2022-04-29,True,0.49999999999999994,0.5,0.1704
ridge,2022-03-31,2022-04-29,True,0.6,0.4,0.20079999999999998
constant,2022-04-29,2022-05-31,False,,,
elastic_net,2022-04-29,2022-05-31,True,0.2,0.8,0.10239999999999999
equal_weight_composite,2022-04-29,2022-05-31,True,0.49999999999999994,0.5,0.1504
momentum_3m,2022-04-29,2022-05-31,True,0.7000000000000001,0.3,0.2528
ridge,2022-04-29,2022-05-31,True,0.3,0.7,0.12800000000000003
constant,2022-05-31,2022-06-30,False,,,
elastic_net,2022-05-31,2022-06-30,True,0.49999999999999994,0.5,0.192
equal_weight_composite,2022-05-31,2022-06-30,True,0.49999999999999994,0.5,0.17839999999999998
momentum_3m,2022-05-31,2022-06-30,True,0.7000000000000001,0.3,0.1592
ridge,2022-05-31,2022-06-30,True,0.49999999999999994,0.5,0.20159999999999997
constant,2022-06-30,2022-07-29,False,,,
elastic_net,2022-06-30,2022-07-29,True,0.7000000000000001,0.3,0.23040000000000005
equal_weight_composite,2022-06-30,2022-07-29,True,0.39999999999999997,0.6,0.19119999999999998
momentum_3m,2022-06-30,2022-07-29,True,0.49999999999999994,0.5,0.2568
ridge,2022-06-30,2022-07-29,True,0.7000000000000001,0.3,0.23200000000000004
constant,2022-07-29,2022-08-31,False,,,
elastic_net,2022-07-29,2022-08-31,True,0.39999999999999997,0.6,0.2504
equal_weight_composite,2022-07-29,2022-08-31,True,0.6,0.4,0.24320000000000003
momentum_3m,2022-07-29,2022-08-31,True,0.49999999999999994,0.5,0.19839999999999997
ridge,2022-07-29,2022-08-31,True,0.39999999999999997,0.6,0.24960000000000002
constant,2022-08-31,2022-09-30,False,,,
elastic_net,2022-08-31,2022-09-30,True,0.3,0.7,0.1512
equal_weight_composite,2022-08-31,2022-09-30,True,0.3,0.7,0.15999999999999998
momentum_3m,2022-08-31,2022-09-30,True,0.7000000000000001,0.3,0.204
ridge,2022-08-31,2022-09-30,True,0.3,0.7,0.1552
constant,2022-09-30,2022-10-31,False,,,
elastic_net,2022-09-30,2022-10-31,True,0.39999999999999997,0.6,0.1472
equal_weight_composite,2022-09-30,2022-10-31,True,0.2,0.8,0.1416
momentum_3m,2022-09-30,2022-10-31,True,0.6,0.4,0.2192
ridge,2022-09-30,2022-10-31,True,0.39999999999999997,0.6,0.1544
constant,2022-10-31,2022-11-30,False,,,
elastic_net,2022-10-31,2022-11-30,True,0.3,0.7,0.1384
equal_weight_composite,2022-10-31,2022-11-30,True,0.49999999999999994,0.5,0.18720000000000003
momentum_3m,2022-10-31,2022-11-30,True,0.2,0.8,0.13360000000000002
ridge,2022-10-31,2022-11-30,True,0.3,0.7,0.14
constant,2022-11-30,2022-12-30,False,,,
elastic_net,2022-11-30,2022-12-30,True,0.2,0.8,0.1016
equal_weight_composite,2022-11-30,2022-12-30,True,0.3,0.7,0.1512
momentum_3m,2022-11-30,2022-12-30,True,0.39999999999999997,0.6,0.1304
ridge,2022-11-30,2022-12-30,True,0.3,0.7,0.16560000000000002
constant,2022-12-30,2023-01-31,False,,,
elastic_net,2022-12-30,2023-01-31,True,0.1,0.9,0.09759999999999998
equal_weight_composite,2022-12-30,2023-01-31,True,0.39999999999999997,0.6,0.21599999999999997
momentum_3m,2022-12-30,2023-01-31,True,0.7000000000000001,0.3,0.21600000000000003
ridge,2022-12-30,2023-01-31,True,0.39999999999999997,0.6,0.16479999999999997
constant,2023-01-31,2023-02-28,False,,,
elastic_net,2023-01-31,2023-02-28,True,0.2,0.8,0.0992
equal_weight_composite,2023-01-31,2023-02-28,True,0.49999999999999994,0.5,0.18
momentum_3m,2023-01-31,2023-02-28,True,0.39999999999999997,0.6,0.17679999999999998
ridge,2023-01-31,2023-02-28,True,0.3,0.7,0.1048
constant,2023-02-28,2023-03-31,False,,,
elastic_net,2023-02-28,2023-03-31,True,0.49999999999999994,0.5,0.21120000000000005
equal_weight_composite,2023-02-28,2023-03-31,True,0.49999999999999994,0.5,0.20079999999999998
momentum_3m,2023-02-28,2023-03-31,True,0.6,0.4,0.18719999999999998
ridge,2023-02-28,2023-03-31,True,0.49999999999999994,0.5,0.2112
constant,2023-03-31,2023-04-28,False,,,
elastic_net,2023-03-31,2023-04-28,True,0.3,0.7,0.13039999999999996
equal_weight_composite,2023-03-31,2023-04-28,True,0.2,0.8,0.12719999999999998
momentum_3m,2023-03-31,2023-04-28,True,0.8000000000000002,0.2,0.23759999999999998
ridge,2023-03-31,2023-04-28,True,0.3,0.7,0.1304
constant,2023-04-28,2023-05-31,False,,,
elastic_net,2023-04-28,2023-05-31,True,0.39999999999999997,0.6,0.15919999999999998
equal_weight_composite,2023-04-28,2023-05-31,True,0.39999999999999997,0.6,0.17359999999999995
momentum_3m,2023-04-28,2023-05-31,True,0.49999999999999994,0.5,0.1592
ridge,2023-04-28,2023-05-31,True,0.39999999999999997,0.6,0.15679999999999997
constant,2023-05-31,2023-06-30,False,,,
elastic_net,2023-05-31,2023-06-30,True,0.2,0.8,0.09760000000000002
equal_weight_composite,2023-05-31,2023-06-30,True,0.3,0.7,0.12399999999999999
momentum_3m,2023-05-31,2023-06-30,True,0.49999999999999994,0.5,0.1752
ridge,2023-05-31,2023-06-30,True,0.1,0.9,0.09360000000000002
constant,2023-06-30,2023-07-31,False,,,
elastic_net,2023-06-30,2023-07-31,True,0.2,0.8,0.1064
equal_weight_composite,2023-06-30,2023-07-31,True,0.39999999999999997,0.6,0.20400000000000001
momentum_3m,2023-06-30,2023-07-31,True,0.3,0.7,0.1488
ridge,2023-06-30,2023-07-31,True,0.3,0.7,0.12480000000000001
constant,2023-07-31,2023-08-31,False,,,
elastic_net,2023-07-31,2023-08-31,True,0.3,0.7,0.12239999999999998
equal_weight_composite,2023-07-31,2023-08-31,True,0.49999999999999994,0.5,0.1984
momentum_3m,2023-07-31,2023-08-31,True,0.39999999999999997,0.6,0.1552
ridge,2023-07-31,2023-08-31,True,0.49999999999999994,0.5,0.1384
constant,2023-08-31,2023-09-29,False,,,
elastic_net,2023-08-31,2023-09-29,True,0.2,0.8,0.11359999999999999
equal_weight_composite,2023-08-31,2023-09-29,True,0.6,0.4,0.21760000000000002
momentum_3m,2023-08-31,2023-09-29,True,0.49999999999999994,0.5,0.1592
ridge,2023-08-31,2023-09-29,True,0.2,0.8,0.11279999999999997
constant,2023-09-29,2023-10-31,False,,,
elastic_net,2023-09-29,2023-10-31,True,0.49999999999999994,0.5,0.19760000000000003
equal_weight_composite,2023-09-29,2023-10-31,True,0.7000000000000001,0.3,0.2176
momentum_3m,2023-09-29,2023-10-31,True,0.7000000000000001,0.3,0.25359999999999994
ridge,2023-09-29,2023-10-31,True,0.49999999999999994,0.5,0.1968
constant,2023-10-31,2023-11-30,False,,,
elastic_net,2023-10-31,2023-11-30,True,0.39999999999999997,0.6,0.17600000000000002
equal_weight_composite,2023-10-31,2023-11-30,True,0.49999999999999994,0.5,0.18239999999999998
momentum_3m,2023-10-31,2023-11-30,True,0.39999999999999997,0.6,0.22640000000000002
ridge,2023-10-31,2023-11-30,True,0.49999999999999994,0.5,0.1784
constant,2023-11-30,2023-12-29,False,,,
elastic_net,2023-11-30,2023-12-29,True,0.3,0.7,0.1296
equal_weight_composite,2023-11-30,2023-12-29,True,0.6,0.4,0.17680000000000004
momentum_3m,2023-11-30,2023-12-29,True,0.6,0.4,0.19519999999999996
ridge,2023-11-30,2023-12-29,True,0.39999999999999997,0.6,0.1424
constant,2023-12-29,2024-01-31,False,,,
elastic_net,2023-12-29,2024-01-31,True,0.39999999999999997,0.6,0.1528
equal_weight_composite,2023-12-29,2024-01-31,True,0.6,0.4,0.1856
momentum_3m,2023-12-29,2024-01-31,True,0.39999999999999997,0.6,0.1472
ridge,2023-12-29,2024-01-31,True,0.39999999999999997,0.6,0.15839999999999999
constant,2024-01-31,2024-02-29,False,,,
elastic_net,2024-01-31,2024-02-29,True,0.2,0.8,0.128
equal_weight_composite,2024-01-31,2024-02-29,True,0.39999999999999997,0.6,0.13199999999999998
momentum_3m,2024-01-31,2024-02-29,True,0.39999999999999997,0.6,0.10800000000000001
ridge,2024-01-31,2024-02-29,True,0.2,0.8,0.12720000000000004
constant,2024-02-29,2024-03-28,False,,,
elastic_net,2024-02-29,2024-03-28,True,0.39999999999999997,0.6,0.14639999999999997
equal_weight_composite,2024-02-29,2024-03-28,True,0.6,0.4,0.2176
momentum_3m,2024-02-29,2024-03-28,True,0.3,0.7,0.1424
ridge,2024-02-29,2024-03-28,True,0.39999999999999997,0.6,0.17920000000000003
constant,2024-03-28,2024-04-30,False,,,
elastic_net,2024-03-28,2024-04-30,True,0.2,0.8,0.0928
equal_weight_composite,2024-03-28,2024-04-30,True,0.49999999999999994,0.5,0.2256
momentum_3m,2024-03-28,2024-04-30,True,0.3,0.7,0.17920000000000003
ridge,2024-03-28,2024-04-30,True,0.2,0.8,0.1472
constant,2024-04-30,2024-05-31,False,,,
elastic_net,2024-04-30,2024-05-31,True,0.3,0.7,0.0736
equal_weight_composite,2024-04-30,2024-05-31,True,0.39999999999999997,0.6,0.19759999999999994
momentum_3m,2024-04-30,2024-05-31,True,0.49999999999999994,0.5,0.2032
ridge,2024-04-30,2024-05-31,True,0.49999999999999994,0.5,0.1528
constant,2024-05-31,2024-06-28,False,,,
elastic_net,2024-05-31,2024-06-28,True,0.2,0.8,0.05440000000000001
equal_weight_composite,2024-05-31,2024-06-28,True,0.49999999999999994,0.5,0.17120000000000002
momentum_3m,2024-05-31,2024-06-28,True,0.39999999999999997,0.6,0.17680000000000004
ridge,2024-05-31,2024-06-28,True,0.39999999999999997,0.6,0.132
constant,2024-06-28,2024-07-31,False,,,
elastic_net,2024-06-28,2024-07-31,True,0.49999999999999994,0.5,0.1496
equal_weight_composite,2024-06-28,2024-07-31,True,0.6,0.4,0.2152
momentum_3m,2024-06-28,2024-07-31,True,0.6,0.4,0.2072
ridge,2024-06-28,2024-07-31,True,0.49999999999999994,0.5,0.1488
constant,2024-07-31,2024-08-30,False,,,
elastic_net,2024-07-31,2024-08-30,True,0.1,0.9,0.0744
equal_weight_composite,2024-07-31,2024-08-30,True,0.49999999999999994,0.5,0.18239999999999998
momentum_3m,2024-07-31,2024-08-30,True,0.39999999999999997,0.6,0.16399999999999998
ridge,2024-07-31,2024-08-30,True,0.49999999999999994,0.5,0.1304
constant,2024-08-30,2024-09-30,False,,,
elastic_net,2024-08-30,2024-09-30,True,0.1,0.9,0.06319999999999999
equal_weight_composite,2024-08-30,2024-09-30,True,0.39999999999999997,0.6,0.20800000000000005
momentum_3m,2024-08-30,2024-09-30,True,0.6,0.4,0.172
ridge,2024-08-30,2024-09-30,True,0.49999999999999994,0.5,0.1432
constant,2024-09-30,2024-10-31,False,,,
elastic_net,2024-09-30,2024-10-31,True,0.3,0.7,0.1288
equal_weight_composite,2024-09-30,2024-10-31,True,0.49999999999999994,0.5,0.19759999999999997
momentum_3m,2024-09-30,2024-10-31,True,0.49999999999999994,0.5,0.28240000000000004
ridge,2024-09-30,2024-10-31,True,0.39999999999999997,0.6,0.17760000000000006
constant,2024-10-31,2024-11-29,False,,,
elastic_net,2024-10-31,2024-11-29,True,0.3,0.7,0.0944
equal_weight_composite,2024-10-31,2024-11-29,True,0.39999999999999997,0.6,0.1624
momentum_3m,2024-10-31,2024-11-29,True,0.3,0.7,0.1632
ridge,2024-10-31,2024-11-29,True,0.3,0.7,0.1088
constant,2024-11-29,2024-12-31,False,,,
elastic_net,2024-11-29,2024-12-31,True,0.1,0.9,0.0704
equal_weight_composite,2024-11-29,2024-12-31,True,0.49999999999999994,0.5,0.188
momentum_3m,2024-11-29,2024-12-31,True,0.39999999999999997,0.6,0.14559999999999998
ridge,2024-11-29,2024-12-31,True,0.39999999999999997,0.6,0.1272
constant,2024-12-31,2025-01-31,False,,,
elastic_net,2024-12-31,2025-01-31,True,0.2,0.8,0.09679999999999998
equal_weight_composite,2024-12-31,2025-01-31,True,0.39999999999999997,0.6,0.1752
momentum_3m,2024-12-31,2025-01-31,True,0.3,0.7,0.15200000000000002
ridge,2024-12-31,2025-01-31,True,0.39999999999999997,0.6,0.1496
constant,2025-01-31,2025-02-28,False,,,
elastic_net,2025-01-31,2025-02-28,True,0.3,0.7,0.11359999999999998
equal_weight_composite,2025-01-31,2025-02-28,True,0.39999999999999997,0.6,0.18400000000000002
momentum_3m,2025-01-31,2025-02-28,True,0.6,0.4,0.2528
ridge,2025-01-31,2025-02-28,True,0.49999999999999994,0.5,0.17759999999999998
constant,2025-02-28,2025-03-31,False,,,
elastic_net,2025-02-28,2025-03-31,True,0.2,0.8,0.06480000000000001
equal_weight_composite,2025-02-28,2025-03-31,True,0.49999999999999994,0.5,0.1864
momentum_3m,2025-02-28,2025-03-31,True,0.49999999999999994,0.5,0.20799999999999996
ridge,2025-02-28,2025-03-31,True,0.39999999999999997,0.6,0.132
constant,2025-03-31,2025-04-30,False,,,
elastic_net,2025-03-31,2025-04-30,True,0.39999999999999997,0.6,0.1512
equal_weight_composite,2025-03-31,2025-04-30,True,0.6,0.4,0.21439999999999998
momentum_3m,2025-03-31,2025-04-30,True,0.3,0.7,0.16719999999999996
ridge,2025-03-31,2025-04-30,True,0.2,0.8,0.14880000000000002
constant,2025-04-30,2025-05-30,False,,,
elastic_net,2025-04-30,2025-05-30,True,0.1,0.9,0.0544
equal_weight_composite,2025-04-30,2025-05-30,True,0.3,0.7,0.14479999999999998
momentum_3m,2025-04-30,2025-05-30,True,0.49999999999999994,0.5,0.2024
ridge,2025-04-30,2025-05-30,True,0.39999999999999997,0.6,0.1352
constant,2025-05-30,2025-06-30,False,,,
elastic_net,2025-05-30,2025-06-30,True,0.0,1.0,0.0512
equal_weight_composite,2025-05-30,2025-06-30,True,0.3,0.7,0.12400000000000003
momentum_3m,2025-05-30,2025-06-30,True,0.49999999999999994,0.5,0.20000000000000004
ridge,2025-05-30,2025-06-30,True,0.3,0.7,0.09519999999999999
constant,2025-06-30,2025-07-31,False,,,
elastic_net,2025-06-30,2025-07-31,True,0.49999999999999994,0.5,0.15439999999999998
equal_weight_composite,2025-06-30,2025-07-31,True,0.39999999999999997,0.6,0.1448
momentum_3m,2025-06-30,2025-07-31,True,0.49999999999999994,0.5,0.1576
ridge,2025-06-30,2025-07-31,True,0.2,0.8,0.09200000000000001
constant,2025-07-31,2025-08-29,False,,,
elastic_net,2025-07-31,2025-08-29,True,0.1,0.9,0.08
equal_weight_composite,2025-07-31,2025-08-29,True,0.6,0.4,0.16639999999999996
momentum_3m,2025-07-31,2025-08-29,True,0.39999999999999997,0.6,0.1464
ridge,2025-07-31,2025-08-29,True,0.2,0.8,0.08959999999999999
constant,2025-08-29,2025-09-30,False,,,
elastic_net,2025-08-29,2025-09-30,True,0.2,0.8,0.0864
equal_weight_composite,2025-08-29,2025-09-30,True,0.49999999999999994,0.5,0.1424
momentum_3m,2025-08-29,2025-09-30,True,0.49999999999999994,0.5,0.16959999999999997
ridge,2025-08-29,2025-09-30,True,0.3,0.7,0.10959999999999999
constant,2025-09-30,2025-10-31,False,,,
elastic_net,2025-09-30,2025-10-31,True,0.2,0.8,0.1064
equal_weight_composite,2025-09-30,2025-10-31,True,0.39999999999999997,0.6,0.16879999999999998
momentum_3m,2025-09-30,2025-10-31,True,0.49999999999999994,0.5,0.19760000000000003
ridge,2025-09-30,2025-10-31,True,0.3,0.7,0.12479999999999998
constant,2025-10-31,2025-11-28,False,,,
elastic_net,2025-10-31,2025-11-28,True,0.2,0.8,0.0808
equal_weight_composite,2025-10-31,2025-11-28,True,0.39999999999999997,0.6,0.1456
momentum_3m,2025-10-31,2025-11-28,True,0.3,0.7,0.136
ridge,2025-10-31,2025-11-28,True,0.3,0.7,0.1328
constant,2025-11-28,2025-12-31,False,,,
elastic_net,2025-11-28,2025-12-31,True,0.3,0.7,0.0664
equal_weight_composite,2025-11-28,2025-12-31,True,0.49999999999999994,0.5,0.1848
momentum_3m,2025-11-28,2025-12-31,True,0.49999999999999994,0.5,0.11599999999999998
ridge,2025-11-28,2025-12-31,True,0.2,0.8,0.084
constant,2025-12-31,2026-01-30,False,,,
elastic_net,2025-12-31,2026-01-30,True,0.2,0.8,0.0992
equal_weight_composite,2025-12-31,2026-01-30,True,0.3,0.7,0.13520000000000001
momentum_3m,2025-12-31,2026-01-30,True,0.49999999999999994,0.5,0.1704
ridge,2025-12-31,2026-01-30,True,0.3,0.7,0.1352
constant,2026-01-30,2026-02-27,False,,,
elastic_net,2026-01-30,2026-02-27,True,0.3,0.7,0.09119999999999999
equal_weight_composite,2026-01-30,2026-02-27,True,0.49999999999999994,0.5,0.1384
momentum_3m,2026-01-30,2026-02-27,True,0.39999999999999997,0.6,0.172
ridge,2026-01-30,2026-02-27,True,0.3,0.7,0.10719999999999999
constant,2026-02-27,2026-03-31,False,,,
elastic_net,2026-02-27,2026-03-31,True,0.2,0.8,0.1032
equal_weight_composite,2026-02-27,2026-03-31,True,0.39999999999999997,0.6,0.144
momentum_3m,2026-02-27,2026-03-31,True,0.39999999999999997,0.6,0.1512
ridge,2026-02-27,2026-03-31,True,0.3,0.7,0.10160000000000002
constant,2026-03-31,2026-04-30,False,,,
elastic_net,2026-03-31,2026-04-30,True,0.1,0.9,0.0912
equal_weight_composite,2026-03-31,2026-04-30,True,0.49999999999999994,0.5,0.12719999999999998
momentum_3m,2026-03-31,2026-04-30,True,0.6,0.4,0.21999999999999997
ridge,2026-03-31,2026-04-30,True,0.39999999999999997,0.6,0.1024
constant,2026-04-30,2026-05-29,False,,,
elastic_net,2026-04-30,2026-05-29,True,0.3,0.7,0.08240000000000001
equal_weight_composite,2026-04-30,2026-05-29,True,0.39999999999999997,0.6,0.15439999999999998
momentum_3m,2026-04-30,2026-05-29,True,0.39999999999999997,0.6,0.20079999999999998
ridge,2026-04-30,2026-05-29,True,0.39999999999999997,0.6,0.10319999999999999
