position,column,dtype,role,feature_group,family,source_dataset,source_column,model_input,availability_rule,calculation,missing_semantics,non_missing_count,missing_count,overall_coverage,latest_coverage,first_valid_date,last_valid_date
1,as_of_date,datetime64[ms],identifier,identifier,Calendar,data/processed/rebalance_calendar.parquet,as_of_date,False,Monthly rebalance date; all predictors must be available on or before this date.,Last available market session selected for the monthly rebalance observation.,Must never be missing.,7550,0,1.0,1.0,2014-01-31,2026-07-27
2,ticker,string,identifier,identifier,Security,data/reference/universe_v1.csv,ticker,False,Security identifier attached to each monthly observation.,Normalized uppercase ticker from the configured equity universe.,Must never be missing.,7550,0,1.0,1.0,2014-01-31,2026-07-27
3,sector,string,metadata,metadata,Security,data/reference/universe_v1.csv,sector,False,Universe metadata known for the security.,Sector classification joined by ticker.,Must never be missing.,7550,0,1.0,1.0,2014-01-31,2026-07-27
4,technical_latest_market_date,datetime64[ms],provenance,provenance,Technical,data/processed/features_technical_monthly.parquet,latest_market_date,False,Must be less than or equal to as_of_date.,Latest daily market observation used by the technical-feature calculation.,Must never be missing.,7550,0,1.0,1.0,2014-01-31,2026-07-27
5,observations_available,int64,provenance,provenance,Technical,data/processed/features_technical_monthly.parquet,observations_available,False,Counts historical observations available up to as_of_date.,Number of historical market observations available to technical calculations.,Must never be missing.,7550,0,1.0,1.0,2014-01-31,2026-07-27
6,tech__momentum_12_1_sector_neutral,float64,predictor,technical,Technical,data/processed/features_technical_monthly.parquet,momentum_12_1_sector_neutral,True,"Uses market observations only through technical_latest_market_date, which must be <= as_of_date.","Raw technical factor 'momentum_12_1' is winsorized cross-sectionally by date, standardized by date, then sector-neutralized. The raw factor formula is documented in docs/TECHNICAL_FEATURES.md.",NaN generally indicates insufficient historical market observations or an unavailable underlying technical calculation.,6950,600,0.9205298013245033,1.0,2015-01-30,2026-07-27
7,tech__momentum_6_1_sector_neutral,float64,predictor,technical,Technical,data/processed/features_technical_monthly.parquet,momentum_6_1_sector_neutral,True,"Uses market observations only through technical_latest_market_date, which must be <= as_of_date.","Raw technical factor 'momentum_6_1' is winsorized cross-sectionally by date, standardized by date, then sector-neutralized. The raw factor formula is documented in docs/TECHNICAL_FEATURES.md.",NaN generally indicates insufficient historical market observations or an unavailable underlying technical calculation.,7250,300,0.9602649006622517,1.0,2014-07-31,2026-07-27
8,tech__return_3m_sector_neutral,float64,predictor,technical,Technical,data/processed/features_technical_monthly.parquet,return_3m_sector_neutral,True,"Uses market observations only through technical_latest_market_date, which must be <= as_of_date.","Raw technical factor 'return_3m' is winsorized cross-sectionally by date, standardized by date, then sector-neutralized. The raw factor formula is documented in docs/TECHNICAL_FEATURES.md.",NaN generally indicates insufficient historical market observations or an unavailable underlying technical calculation.,7400,150,0.9801324503311258,1.0,2014-04-30,2026-07-27
9,tech__return_1m_sector_neutral,float64,predictor,technical,Technical,data/processed/features_technical_monthly.parquet,return_1m_sector_neutral,True,"Uses market observations only through technical_latest_market_date, which must be <= as_of_date.","Raw technical factor 'return_1m' is winsorized cross-sectionally by date, standardized by date, then sector-neutralized. The raw factor formula is documented in docs/TECHNICAL_FEATURES.md.",NaN generally indicates insufficient historical market observations or an unavailable underlying technical calculation.,7500,50,0.9933774834437086,1.0,2014-02-28,2026-07-27
10,tech__return_1w_sector_neutral,float64,predictor,technical,Technical,data/processed/features_technical_monthly.parquet,return_1w_sector_neutral,True,"Uses market observations only through technical_latest_market_date, which must be <= as_of_date.","Raw technical factor 'return_1w' is winsorized cross-sectionally by date, standardized by date, then sector-neutralized. The raw factor formula is documented in docs/TECHNICAL_FEATURES.md.",NaN generally indicates insufficient historical market observations or an unavailable underlying technical calculation.,7550,0,1.0,1.0,2014-01-31,2026-07-27
11,tech__reversal_1m_sector_neutral,float64,predictor,technical,Technical,data/processed/features_technical_monthly.parquet,reversal_1m_sector_neutral,True,"Uses market observations only through technical_latest_market_date, which must be <= as_of_date.","Raw technical factor 'reversal_1m' is winsorized cross-sectionally by date, standardized by date, then sector-neutralized. The raw factor formula is documented in docs/TECHNICAL_FEATURES.md.",NaN generally indicates insufficient historical market observations or an unavailable underlying technical calculation.,7500,50,0.9933774834437086,1.0,2014-02-28,2026-07-27
12,tech__volatility_20d_sector_neutral,float64,predictor,technical,Technical,data/processed/features_technical_monthly.parquet,volatility_20d_sector_neutral,True,"Uses market observations only through technical_latest_market_date, which must be <= as_of_date.","Raw technical factor 'volatility_20d' is winsorized cross-sectionally by date, standardized by date, then sector-neutralized. The raw factor formula is documented in docs/TECHNICAL_FEATURES.md.",NaN generally indicates insufficient historical market observations or an unavailable underlying technical calculation.,7550,0,1.0,1.0,2014-01-31,2026-07-27
13,tech__volatility_60d_sector_neutral,float64,predictor,technical,Technical,data/processed/features_technical_monthly.parquet,volatility_60d_sector_neutral,True,"Uses market observations only through technical_latest_market_date, which must be <= as_of_date.","Raw technical factor 'volatility_60d' is winsorized cross-sectionally by date, standardized by date, then sector-neutralized. The raw factor formula is documented in docs/TECHNICAL_FEATURES.md.",NaN generally indicates insufficient historical market observations or an unavailable underlying technical calculation.,7450,100,0.9867549668874173,1.0,2014-03-31,2026-07-27
14,tech__downside_volatility_60d_sector_neutral,float64,predictor,technical,Technical,data/processed/features_technical_monthly.parquet,downside_volatility_60d_sector_neutral,True,"Uses market observations only through technical_latest_market_date, which must be <= as_of_date.","Raw technical factor 'downside_volatility_60d' is winsorized cross-sectionally by date, standardized by date, then sector-neutralized. The raw factor formula is documented in docs/TECHNICAL_FEATURES.md.",NaN generally indicates insufficient historical market observations or an unavailable underlying technical calculation.,7450,100,0.9867549668874173,1.0,2014-03-31,2026-07-27
15,tech__beta_60d_market_sector_neutral,float64,predictor,technical,Technical,data/processed/features_technical_monthly.parquet,beta_60d_market_sector_neutral,True,"Uses market observations only through technical_latest_market_date, which must be <= as_of_date.","Raw technical factor 'beta_60d_market' is winsorized cross-sectionally by date, standardized by date, then sector-neutralized. The raw factor formula is documented in docs/TECHNICAL_FEATURES.md.",NaN generally indicates insufficient historical market observations or an unavailable underlying technical calculation.,7450,100,0.9867549668874173,1.0,2014-03-31,2026-07-27
16,tech__max_drawdown_126d_sector_neutral,float64,predictor,technical,Technical,data/processed/features_technical_monthly.parquet,max_drawdown_126d_sector_neutral,True,"Uses market observations only through technical_latest_market_date, which must be <= as_of_date.","Raw technical factor 'max_drawdown_126d' is winsorized cross-sectionally by date, standardized by date, then sector-neutralized. The raw factor formula is documented in docs/TECHNICAL_FEATURES.md.",NaN generally indicates insufficient historical market observations or an unavailable underlying technical calculation.,7250,300,0.9602649006622517,1.0,2014-07-31,2026-07-27
17,tech__distance_sma_50d_sector_neutral,float64,predictor,technical,Technical,data/processed/features_technical_monthly.parquet,distance_sma_50d_sector_neutral,True,"Uses market observations only through technical_latest_market_date, which must be <= as_of_date.","Raw technical factor 'distance_sma_50d' is winsorized cross-sectionally by date, standardized by date, then sector-neutralized. The raw factor formula is documented in docs/TECHNICAL_FEATURES.md.",NaN generally indicates insufficient historical market observations or an unavailable underlying technical calculation.,7450,100,0.9867549668874173,1.0,2014-03-31,2026-07-27
18,tech__distance_sma_200d_sector_neutral,float64,predictor,technical,Technical,data/processed/features_technical_monthly.parquet,distance_sma_200d_sector_neutral,True,"Uses market observations only through technical_latest_market_date, which must be <= as_of_date.","Raw technical factor 'distance_sma_200d' is winsorized cross-sectionally by date, standardized by date, then sector-neutralized. The raw factor formula is documented in docs/TECHNICAL_FEATURES.md.",NaN generally indicates insufficient historical market observations or an unavailable underlying technical calculation.,7100,450,0.9403973509933775,1.0,2014-10-31,2026-07-27
19,tech__sma_50_200_spread_sector_neutral,float64,predictor,technical,Technical,data/processed/features_technical_monthly.parquet,sma_50_200_spread_sector_neutral,True,"Uses market observations only through technical_latest_market_date, which must be <= as_of_date.","Raw technical factor 'sma_50_200_spread' is winsorized cross-sectionally by date, standardized by date, then sector-neutralized. The raw factor formula is documented in docs/TECHNICAL_FEATURES.md.",NaN generally indicates insufficient historical market observations or an unavailable underlying technical calculation.,7100,450,0.9403973509933775,1.0,2014-10-31,2026-07-27
20,tech__positive_day_ratio_60d_sector_neutral,float64,predictor,technical,Technical,data/processed/features_technical_monthly.parquet,positive_day_ratio_60d_sector_neutral,True,"Uses market observations only through technical_latest_market_date, which must be <= as_of_date.","Raw technical factor 'positive_day_ratio_60d' is winsorized cross-sectionally by date, standardized by date, then sector-neutralized. The raw factor formula is documented in docs/TECHNICAL_FEATURES.md.",NaN generally indicates insufficient historical market observations or an unavailable underlying technical calculation.,7450,100,0.9867549668874173,1.0,2014-03-31,2026-07-27
21,tech__average_dollar_volume_20d_sector_neutral,float64,predictor,technical,Technical,data/processed/features_technical_monthly.parquet,average_dollar_volume_20d_sector_neutral,True,"Uses market observations only through technical_latest_market_date, which must be <= as_of_date.","Raw technical factor 'average_dollar_volume_20d' is winsorized cross-sectionally by date, standardized by date, then sector-neutralized. The raw factor formula is documented in docs/TECHNICAL_FEATURES.md.",NaN generally indicates insufficient historical market observations or an unavailable underlying technical calculation.,7550,0,1.0,1.0,2014-01-31,2026-07-27
22,tech__dollar_volume_change_20d_60d_sector_neutral,float64,predictor,technical,Technical,data/processed/features_technical_monthly.parquet,dollar_volume_change_20d_60d_sector_neutral,True,"Uses market observations only through technical_latest_market_date, which must be <= as_of_date.","Raw technical factor 'dollar_volume_change_20d_60d' is winsorized cross-sectionally by date, standardized by date, then sector-neutralized. The raw factor formula is documented in docs/TECHNICAL_FEATURES.md.",NaN generally indicates insufficient historical market observations or an unavailable underlying technical calculation.,7450,100,0.9867549668874173,1.0,2014-03-31,2026-07-27
23,tech__amihud_illiquidity_20d_sector_neutral,float64,predictor,technical,Technical,data/processed/features_technical_monthly.parquet,amihud_illiquidity_20d_sector_neutral,True,"Uses market observations only through technical_latest_market_date, which must be <= as_of_date.","Raw technical factor 'amihud_illiquidity_20d' is winsorized cross-sectionally by date, standardized by date, then sector-neutralized. The raw factor formula is documented in docs/TECHNICAL_FEATURES.md.",NaN generally indicates insufficient historical market observations or an unavailable underlying technical calculation.,7550,0,1.0,1.0,2014-01-31,2026-07-27
24,tech__zero_volume_ratio_60d_sector_neutral,float64,predictor,technical,Technical,data/processed/features_technical_monthly.parquet,zero_volume_ratio_60d_sector_neutral,True,"Uses market observations only through technical_latest_market_date, which must be <= as_of_date.","Raw technical factor 'zero_volume_ratio_60d' is winsorized cross-sectionally by date, standardized by date, then sector-neutralized. The raw factor formula is documented in docs/TECHNICAL_FEATURES.md.",NaN generally indicates insufficient historical market observations or an unavailable underlying technical calculation.,7450,100,0.9867549668874173,1.0,2014-03-31,2026-07-27
25,fund__earnings_yield_zscore,float64,predictor,fundamental_global,Value,data/processed/features_fundamental_monthly.parquet,earnings_yield_zscore,True,Uses only fundamental information that was available on or before as_of_date.,Net Income TTM / Market Cap Proxy. The raw factor is winsorized by rebalance date and standardized across available companies on that date.,NaN means the underlying accounting factor or sufficient cross-sectional information was unavailable.,7012,538,0.9287417218543046,0.96,2014-01-31,2026-07-27
26,fund__sales_yield_zscore,float64,predictor,fundamental_global,Value,data/processed/features_fundamental_monthly.parquet,sales_yield_zscore,True,Uses only fundamental information that was available on or before as_of_date.,Revenue TTM / Market Cap Proxy. The raw factor is winsorized by rebalance date and standardized across available companies on that date.,NaN means the underlying accounting factor or sufficient cross-sectional information was unavailable.,6814,736,0.9025165562913907,0.94,2014-01-31,2026-07-27
27,fund__book_to_market_zscore,float64,predictor,fundamental_global,Value,data/processed/features_fundamental_monthly.parquet,book_to_market_zscore,True,Uses only fundamental information that was available on or before as_of_date.,Equity / Market Cap Proxy. The raw factor is winsorized by rebalance date and standardized across available companies on that date.,NaN means the underlying accounting factor or sufficient cross-sectional information was unavailable.,7103,447,0.940794701986755,0.96,2014-01-31,2026-07-27
28,fund__fcf_yield_zscore,float64,predictor,fundamental_global,Value,data/processed/features_fundamental_monthly.parquet,fcf_yield_zscore,True,Uses only fundamental information that was available on or before as_of_date.,(Operating Cash Flow TTM - CAPEX TTM) / Market Cap Proxy. The raw factor is winsorized by rebalance date and standardized across available companies on that date.,NaN means the underlying accounting factor or sufficient cross-sectional information was unavailable.,5264,2286,0.6972185430463577,0.8,2014-01-31,2026-07-27
29,fund__roe_zscore,float64,predictor,fundamental_global,Quality,data/processed/features_fundamental_monthly.parquet,roe_zscore,True,Uses only fundamental information that was available on or before as_of_date.,Net Income TTM / Equity. The raw factor is winsorized by rebalance date and standardized across available companies on that date.,NaN means the underlying accounting factor or sufficient cross-sectional information was unavailable.,7058,492,0.9348344370860927,0.94,2014-01-31,2026-07-27
30,fund__roa_zscore,float64,predictor,fundamental_global,Quality,data/processed/features_fundamental_monthly.parquet,roa_zscore,True,Uses only fundamental information that was available on or before as_of_date.,Net Income TTM / Assets. The raw factor is winsorized by rebalance date and standardized across available companies on that date.,NaN means the underlying accounting factor or sufficient cross-sectional information was unavailable.,7317,233,0.9691390728476821,1.0,2014-01-31,2026-07-27
31,fund__gross_profitability_zscore,float64,predictor,fundamental_global,Quality,data/processed/features_fundamental_monthly.parquet,gross_profitability_zscore,True,Uses only fundamental information that was available on or before as_of_date.,Gross Profit TTM / Assets. The raw factor is winsorized by rebalance date and standardized across available companies on that date.,NaN means the underlying accounting factor or sufficient cross-sectional information was unavailable.,3364,4186,0.44556291390728475,0.46,2014-01-31,2026-07-27
32,fund__gross_margin_zscore,float64,predictor,fundamental_global,Quality,data/processed/features_fundamental_monthly.parquet,gross_margin_zscore,True,Uses only fundamental information that was available on or before as_of_date.,Gross Profit TTM / Revenue TTM. The raw factor is winsorized by rebalance date and standardized across available companies on that date.,NaN means the underlying accounting factor or sufficient cross-sectional information was unavailable.,3364,4186,0.44556291390728475,0.46,2014-01-31,2026-07-27
33,fund__operating_margin_zscore,float64,predictor,fundamental_global,Quality,data/processed/features_fundamental_monthly.parquet,operating_margin_zscore,True,Uses only fundamental information that was available on or before as_of_date.,Operating Income TTM / Revenue TTM. The raw factor is winsorized by rebalance date and standardized across available companies on that date.,NaN means the underlying accounting factor or sufficient cross-sectional information was unavailable.,5767,1783,0.763841059602649,0.82,2014-01-31,2026-07-27
34,fund__net_margin_zscore,float64,predictor,fundamental_global,Quality,data/processed/features_fundamental_monthly.parquet,net_margin_zscore,True,Uses only fundamental information that was available on or before as_of_date.,Net Income TTM / Revenue TTM. The raw factor is winsorized by rebalance date and standardized across available companies on that date.,NaN means the underlying accounting factor or sufficient cross-sectional information was unavailable.,7047,503,0.9333774834437086,0.98,2014-01-31,2026-07-27
35,fund__cash_conversion_zscore,float64,predictor,fundamental_global,Quality,data/processed/features_fundamental_monthly.parquet,cash_conversion_zscore,True,Uses only fundamental information that was available on or before as_of_date.,Operating Cash Flow TTM / Net Income TTM. The raw factor is winsorized by rebalance date and standardized across available companies on that date.,NaN means the underlying accounting factor or sufficient cross-sectional information was unavailable.,6754,796,0.8945695364238411,0.98,2014-01-31,2026-07-27
36,fund__debt_to_assets_zscore,float64,predictor,fundamental_global,Leverage,data/processed/features_fundamental_monthly.parquet,debt_to_assets_zscore,True,Uses only fundamental information that was available on or before as_of_date.,(Current Debt + Non-current Debt) / Assets. The raw factor is winsorized by rebalance date and standardized across available companies on that date.,NaN means the underlying accounting factor or sufficient cross-sectional information was unavailable.,5074,2476,0.6720529801324503,0.74,2014-01-31,2026-07-27
37,fund__net_debt_to_assets_zscore,float64,predictor,fundamental_global,Leverage,data/processed/features_fundamental_monthly.parquet,net_debt_to_assets_zscore,True,Uses only fundamental information that was available on or before as_of_date.,(Total Debt - Cash) / Assets. The raw factor is winsorized by rebalance date and standardized across available companies on that date.,NaN means the underlying accounting factor or sufficient cross-sectional information was unavailable.,5074,2476,0.6720529801324503,0.74,2014-01-31,2026-07-27
38,fund__current_ratio_zscore,float64,predictor,fundamental_global,Solvency,data/processed/features_fundamental_monthly.parquet,current_ratio_zscore,True,Uses only fundamental information that was available on or before as_of_date.,Current Assets / Current Liabilities. The raw factor is winsorized by rebalance date and standardized across available companies on that date.,NaN means the underlying accounting factor or sufficient cross-sectional information was unavailable.,6506,1044,0.8617218543046358,0.88,2014-01-31,2026-07-27
39,fund__interest_coverage_zscore,float64,predictor,fundamental_global,Solvency,data/processed/features_fundamental_monthly.parquet,interest_coverage_zscore,True,Uses only fundamental information that was available on or before as_of_date.,Operating Income TTM / Interest Expense TTM. The raw factor is winsorized by rebalance date and standardized across available companies on that date.,NaN means the underlying accounting factor or sufficient cross-sectional information was unavailable.,4972,2578,0.6585430463576158,0.68,2014-01-31,2026-07-27
40,fund__capex_to_assets_zscore,float64,predictor,fundamental_global,Investment,data/processed/features_fundamental_monthly.parquet,capex_to_assets_zscore,True,Uses only fundamental information that was available on or before as_of_date.,CAPEX TTM / Assets. The raw factor is winsorized by rebalance date and standardized across available companies on that date.,NaN means the underlying accounting factor or sufficient cross-sectional information was unavailable.,6121,1429,0.8107284768211921,0.86,2014-01-31,2026-07-27
41,fund__accruals_zscore,float64,predictor,fundamental_global,Accruals,data/processed/features_fundamental_monthly.parquet,accruals_zscore,True,Uses only fundamental information that was available on or before as_of_date.,(Net Income TTM - Operating Cash Flow TTM) / Assets. The raw factor is winsorized by rebalance date and standardized across available companies on that date.,NaN means the underlying accounting factor or sufficient cross-sectional information was unavailable.,6754,796,0.8945695364238411,0.98,2014-01-31,2026-07-27
42,fund__revenue_growth_yoy_zscore,float64,predictor,fundamental_global,Growth,data/processed/features_fundamental_monthly.parquet,revenue_growth_yoy_zscore,True,Uses only fundamental information that was available on or before as_of_date.,Revenue TTM / Revenue TTM 12M Ago - 1. The raw factor is winsorized by rebalance date and standardized across available companies on that date.,NaN means the underlying accounting factor or sufficient cross-sectional information was unavailable.,6531,1019,0.8650331125827815,0.98,2015-01-30,2026-07-27
43,fund__net_income_growth_yoy_zscore,float64,predictor,fundamental_global,Growth,data/processed/features_fundamental_monthly.parquet,net_income_growth_yoy_zscore,True,Uses only fundamental information that was available on or before as_of_date.,(Net Income TTM - Net Income TTM 12M Ago) / abs(Net Income TTM 12M Ago). The raw factor is winsorized by rebalance date and standardized across available companies on that date.,NaN means the underlying accounting factor or sufficient cross-sectional information was unavailable.,6707,843,0.8883443708609271,1.0,2015-01-30,2026-07-27
44,fund__operating_cash_flow_growth_yoy_zscore,float64,predictor,fundamental_global,Growth,data/processed/features_fundamental_monthly.parquet,operating_cash_flow_growth_yoy_zscore,True,Uses only fundamental information that was available on or before as_of_date.,(Operating Cash Flow TTM - Operating Cash Flow TTM 12M Ago) / abs(Operating Cash Flow TTM 12M Ago). The raw factor is winsorized by rebalance date and standardized across available companies on that date.,NaN means the underlying accounting factor or sufficient cross-sectional information was unavailable.,6026,1524,0.7981456953642384,0.96,2015-01-30,2026-07-27
45,fund__asset_growth_yoy_zscore,float64,predictor,fundamental_global,Investment,data/processed/features_fundamental_monthly.parquet,asset_growth_yoy_zscore,True,Uses only fundamental information that was available on or before as_of_date.,Assets / Assets 12M Ago - 1. The raw factor is winsorized by rebalance date and standardized across available companies on that date.,NaN means the underlying accounting factor or sufficient cross-sectional information was unavailable.,6812,738,0.9022516556291391,1.0,2015-01-30,2026-07-27
46,fund__revenue_growth_acceleration_zscore,float64,predictor,fundamental_global,Growth,data/processed/features_fundamental_monthly.parquet,revenue_growth_acceleration_zscore,True,Uses only fundamental information that was available on or before as_of_date.,Current Revenue Growth YoY - Revenue Growth YoY 12M Ago. The raw factor is winsorized by rebalance date and standardized across available companies on that date.,NaN means the underlying accounting factor or sufficient cross-sectional information was unavailable.,5943,1607,0.7871523178807946,0.98,2016-01-29,2026-07-27
47,fund__net_income_growth_acceleration_zscore,float64,predictor,fundamental_global,Growth,data/processed/features_fundamental_monthly.parquet,net_income_growth_acceleration_zscore,True,Uses only fundamental information that was available on or before as_of_date.,Current Net Income Growth YoY - Net Income Growth YoY 12M Ago. The raw factor is winsorized by rebalance date and standardized across available companies on that date.,NaN means the underlying accounting factor or sufficient cross-sectional information was unavailable.,6101,1449,0.8080794701986755,1.0,2016-01-29,2026-07-27
48,fund__operating_cash_flow_growth_acceleration_zscore,float64,predictor,fundamental_global,Growth,data/processed/features_fundamental_monthly.parquet,operating_cash_flow_growth_acceleration_zscore,True,Uses only fundamental information that was available on or before as_of_date.,Current Operating Cash Flow Growth YoY - Operating Cash Flow Growth YoY 12M Ago. The raw factor is winsorized by rebalance date and standardized across available companies on that date.,NaN means the underlying accounting factor or sufficient cross-sectional information was unavailable.,5317,2233,0.7042384105960265,0.92,2016-01-29,2026-07-27
49,fund__earnings_yield_sector_zscore,float64,predictor,fundamental_sector,Value,data/processed/features_fundamental_monthly.parquet,earnings_yield_sector_zscore,True,Uses only fundamental information available on or before as_of_date and compares companies within the same sector and rebalance date.,Net Income TTM / Market Cap Proxy. The factor is winsorized and standardized relative to available companies in the same sector and rebalance date.,NaN means the raw factor was unavailable or the sector cross-section was insufficient.,6225,1325,0.8245033112582781,0.86,2014-01-31,2026-07-27
50,fund__sales_yield_sector_zscore,float64,predictor,fundamental_sector,Value,data/processed/features_fundamental_monthly.parquet,sales_yield_sector_zscore,True,Uses only fundamental information available on or before as_of_date and compares companies within the same sector and rebalance date.,Revenue TTM / Market Cap Proxy. The factor is winsorized and standardized relative to available companies in the same sector and rebalance date.,NaN means the raw factor was unavailable or the sector cross-section was insufficient.,6058,1492,0.8023841059602649,0.84,2014-01-31,2026-07-27
51,fund__book_to_market_sector_zscore,float64,predictor,fundamental_sector,Value,data/processed/features_fundamental_monthly.parquet,book_to_market_sector_zscore,True,Uses only fundamental information available on or before as_of_date and compares companies within the same sector and rebalance date.,Equity / Market Cap Proxy. The factor is winsorized and standardized relative to available companies in the same sector and rebalance date.,NaN means the raw factor was unavailable or the sector cross-section was insufficient.,6298,1252,0.8341721854304636,0.86,2014-01-31,2026-07-27
52,fund__fcf_yield_sector_zscore,float64,predictor,fundamental_sector,Value,data/processed/features_fundamental_monthly.parquet,fcf_yield_sector_zscore,True,Uses only fundamental information available on or before as_of_date and compares companies within the same sector and rebalance date.,(Operating Cash Flow TTM - CAPEX TTM) / Market Cap Proxy. The factor is winsorized and standardized relative to available companies in the same sector and rebalance date.,NaN means the raw factor was unavailable or the sector cross-section was insufficient.,4338,3212,0.574569536423841,0.68,2014-01-31,2026-07-27
53,fund__roe_sector_zscore,float64,predictor,fundamental_sector,Quality,data/processed/features_fundamental_monthly.parquet,roe_sector_zscore,True,Uses only fundamental information available on or before as_of_date and compares companies within the same sector and rebalance date.,Net Income TTM / Equity. The factor is winsorized and standardized relative to available companies in the same sector and rebalance date.,NaN means the raw factor was unavailable or the sector cross-section was insufficient.,6271,1279,0.8305960264900663,0.84,2014-01-31,2026-07-27
54,fund__roa_sector_zscore,float64,predictor,fundamental_sector,Quality,data/processed/features_fundamental_monthly.parquet,roa_sector_zscore,True,Uses only fundamental information available on or before as_of_date and compares companies within the same sector and rebalance date.,Net Income TTM / Assets. The factor is winsorized and standardized relative to available companies in the same sector and rebalance date.,NaN means the raw factor was unavailable or the sector cross-section was insufficient.,6530,1020,0.8649006622516556,0.9,2014-01-31,2026-07-27
55,fund__gross_profitability_sector_zscore,float64,predictor,fundamental_sector,Quality,data/processed/features_fundamental_monthly.parquet,gross_profitability_sector_zscore,True,Uses only fundamental information available on or before as_of_date and compares companies within the same sector and rebalance date.,Gross Profit TTM / Assets. The factor is winsorized and standardized relative to available companies in the same sector and rebalance date.,NaN means the raw factor was unavailable or the sector cross-section was insufficient.,2794,4756,0.3700662251655629,0.4,2014-01-31,2026-07-27
56,fund__gross_margin_sector_zscore,float64,predictor,fundamental_sector,Quality,data/processed/features_fundamental_monthly.parquet,gross_margin_sector_zscore,True,Uses only fundamental information available on or before as_of_date and compares companies within the same sector and rebalance date.,Gross Profit TTM / Revenue TTM. The factor is winsorized and standardized relative to available companies in the same sector and rebalance date.,NaN means the raw factor was unavailable or the sector cross-section was insufficient.,2794,4756,0.3700662251655629,0.4,2014-01-31,2026-07-27
57,fund__operating_margin_sector_zscore,float64,predictor,fundamental_sector,Quality,data/processed/features_fundamental_monthly.parquet,operating_margin_sector_zscore,True,Uses only fundamental information available on or before as_of_date and compares companies within the same sector and rebalance date.,Operating Income TTM / Revenue TTM. The factor is winsorized and standardized relative to available companies in the same sector and rebalance date.,NaN means the raw factor was unavailable or the sector cross-section was insufficient.,4882,2668,0.6466225165562914,0.7,2014-01-31,2026-07-27
58,fund__net_margin_sector_zscore,float64,predictor,fundamental_sector,Quality,data/processed/features_fundamental_monthly.parquet,net_margin_sector_zscore,True,Uses only fundamental information available on or before as_of_date and compares companies within the same sector and rebalance date.,Net Income TTM / Revenue TTM. The factor is winsorized and standardized relative to available companies in the same sector and rebalance date.,NaN means the raw factor was unavailable or the sector cross-section was insufficient.,6321,1229,0.8372185430463576,0.88,2014-01-31,2026-07-27
59,fund__cash_conversion_sector_zscore,float64,predictor,fundamental_sector,Quality,data/processed/features_fundamental_monthly.parquet,cash_conversion_sector_zscore,True,Uses only fundamental information available on or before as_of_date and compares companies within the same sector and rebalance date.,Operating Cash Flow TTM / Net Income TTM. The factor is winsorized and standardized relative to available companies in the same sector and rebalance date.,NaN means the raw factor was unavailable or the sector cross-section was insufficient.,6040,1510,0.8,0.9,2014-01-31,2026-07-27
60,fund__debt_to_assets_sector_zscore,float64,predictor,fundamental_sector,Leverage,data/processed/features_fundamental_monthly.parquet,debt_to_assets_sector_zscore,True,Uses only fundamental information available on or before as_of_date and compares companies within the same sector and rebalance date.,(Current Debt + Non-current Debt) / Assets. The factor is winsorized and standardized relative to available companies in the same sector and rebalance date.,NaN means the raw factor was unavailable or the sector cross-section was insufficient.,3992,3558,0.5287417218543047,0.6,2014-01-31,2026-07-27
61,fund__net_debt_to_assets_sector_zscore,float64,predictor,fundamental_sector,Leverage,data/processed/features_fundamental_monthly.parquet,net_debt_to_assets_sector_zscore,True,Uses only fundamental information available on or before as_of_date and compares companies within the same sector and rebalance date.,(Total Debt - Cash) / Assets. The factor is winsorized and standardized relative to available companies in the same sector and rebalance date.,NaN means the raw factor was unavailable or the sector cross-section was insufficient.,3992,3558,0.5287417218543047,0.6,2014-01-31,2026-07-27
62,fund__current_ratio_sector_zscore,float64,predictor,fundamental_sector,Solvency,data/processed/features_fundamental_monthly.parquet,current_ratio_sector_zscore,True,Uses only fundamental information available on or before as_of_date and compares companies within the same sector and rebalance date.,Current Assets / Current Liabilities. The factor is winsorized and standardized relative to available companies in the same sector and rebalance date.,NaN means the raw factor was unavailable or the sector cross-section was insufficient.,5558,1992,0.736158940397351,0.76,2014-01-31,2026-07-27
63,fund__interest_coverage_sector_zscore,float64,predictor,fundamental_sector,Solvency,data/processed/features_fundamental_monthly.parquet,interest_coverage_sector_zscore,True,Uses only fundamental information available on or before as_of_date and compares companies within the same sector and rebalance date.,Operating Income TTM / Interest Expense TTM. The factor is winsorized and standardized relative to available companies in the same sector and rebalance date.,NaN means the raw factor was unavailable or the sector cross-section was insufficient.,3987,3563,0.5280794701986755,0.56,2014-01-31,2026-07-27
64,fund__capex_to_assets_sector_zscore,float64,predictor,fundamental_sector,Investment,data/processed/features_fundamental_monthly.parquet,capex_to_assets_sector_zscore,True,Uses only fundamental information available on or before as_of_date and compares companies within the same sector and rebalance date.,CAPEX TTM / Assets. The factor is winsorized and standardized relative to available companies in the same sector and rebalance date.,NaN means the raw factor was unavailable or the sector cross-section was insufficient.,5356,2194,0.7094039735099338,0.76,2014-01-31,2026-07-27
65,fund__accruals_sector_zscore,float64,predictor,fundamental_sector,Accruals,data/processed/features_fundamental_monthly.parquet,accruals_sector_zscore,True,Uses only fundamental information available on or before as_of_date and compares companies within the same sector and rebalance date.,(Net Income TTM - Operating Cash Flow TTM) / Assets. The factor is winsorized and standardized relative to available companies in the same sector and rebalance date.,NaN means the raw factor was unavailable or the sector cross-section was insufficient.,6040,1510,0.8,0.9,2014-01-31,2026-07-27
66,fund__revenue_growth_yoy_sector_zscore,float64,predictor,fundamental_sector,Growth,data/processed/features_fundamental_monthly.parquet,revenue_growth_yoy_sector_zscore,True,Uses only fundamental information available on or before as_of_date and compares companies within the same sector and rebalance date.,Revenue TTM / Revenue TTM 12M Ago - 1. The factor is winsorized and standardized relative to available companies in the same sector and rebalance date.,NaN means the raw factor was unavailable or the sector cross-section was insufficient.,5835,1715,0.7728476821192053,0.88,2015-01-30,2026-07-27
67,fund__net_income_growth_yoy_sector_zscore,float64,predictor,fundamental_sector,Growth,data/processed/features_fundamental_monthly.parquet,net_income_growth_yoy_sector_zscore,True,Uses only fundamental information available on or before as_of_date and compares companies within the same sector and rebalance date.,(Net Income TTM - Net Income TTM 12M Ago) / abs(Net Income TTM 12M Ago). The factor is winsorized and standardized relative to available companies in the same sector and rebalance date.,NaN means the raw factor was unavailable or the sector cross-section was insufficient.,5984,1566,0.7925827814569536,0.9,2015-01-30,2026-07-27
68,fund__operating_cash_flow_growth_yoy_sector_zscore,float64,predictor,fundamental_sector,Growth,data/processed/features_fundamental_monthly.parquet,operating_cash_flow_growth_yoy_sector_zscore,True,Uses only fundamental information available on or before as_of_date and compares companies within the same sector and rebalance date.,(Operating Cash Flow TTM - Operating Cash Flow TTM 12M Ago) / abs(Operating Cash Flow TTM 12M Ago). The factor is winsorized and standardized relative to available companies in the same sector and rebalance date.,NaN means the raw factor was unavailable or the sector cross-section was insufficient.,5364,2186,0.7104635761589404,0.88,2015-01-30,2026-07-27
69,fund__asset_growth_yoy_sector_zscore,float64,predictor,fundamental_sector,Investment,data/processed/features_fundamental_monthly.parquet,asset_growth_yoy_sector_zscore,True,Uses only fundamental information available on or before as_of_date and compares companies within the same sector and rebalance date.,Assets / Assets 12M Ago - 1. The factor is winsorized and standardized relative to available companies in the same sector and rebalance date.,NaN means the raw factor was unavailable or the sector cross-section was insufficient.,6075,1475,0.804635761589404,0.9,2015-01-30,2026-07-27
70,fund__revenue_growth_acceleration_sector_zscore,float64,predictor,fundamental_sector,Growth,data/processed/features_fundamental_monthly.parquet,revenue_growth_acceleration_sector_zscore,True,Uses only fundamental information available on or before as_of_date and compares companies within the same sector and rebalance date.,Current Revenue Growth YoY - Revenue Growth YoY 12M Ago. The factor is winsorized and standardized relative to available companies in the same sector and rebalance date.,NaN means the raw factor was unavailable or the sector cross-section was insufficient.,5307,2243,0.7029139072847682,0.88,2016-01-29,2026-07-27
71,fund__net_income_growth_acceleration_sector_zscore,float64,predictor,fundamental_sector,Growth,data/processed/features_fundamental_monthly.parquet,net_income_growth_acceleration_sector_zscore,True,Uses only fundamental information available on or before as_of_date and compares companies within the same sector and rebalance date.,Current Net Income Growth YoY - Net Income Growth YoY 12M Ago. The factor is winsorized and standardized relative to available companies in the same sector and rebalance date.,NaN means the raw factor was unavailable or the sector cross-section was insufficient.,5438,2112,0.7202649006622517,0.9,2016-01-29,2026-07-27
72,fund__operating_cash_flow_growth_acceleration_sector_zscore,float64,predictor,fundamental_sector,Growth,data/processed/features_fundamental_monthly.parquet,operating_cash_flow_growth_acceleration_sector_zscore,True,Uses only fundamental information available on or before as_of_date and compares companies within the same sector and rebalance date.,Current Operating Cash Flow Growth YoY - Operating Cash Flow Growth YoY 12M Ago. The factor is winsorized and standardized relative to available companies in the same sector and rebalance date.,NaN means the raw factor was unavailable or the sector cross-section was insufficient.,4699,2851,0.6223841059602649,0.84,2016-01-29,2026-07-27
73,fund__earnings_yield_missing,int8,predictor,fundamental_missing,Value,data/processed/features_fundamental_monthly.parquet,earnings_yield_missing,True,Derived solely from availability of the point-in-time raw fundamental factor.,Binary flag equal to 1 when 'earnings_yield' is unavailable and 0 otherwise.,The flag itself must never be missing.,7550,0,1.0,1.0,2014-01-31,2026-07-27
74,fund__sales_yield_missing,int8,predictor,fundamental_missing,Value,data/processed/features_fundamental_monthly.parquet,sales_yield_missing,True,Derived solely from availability of the point-in-time raw fundamental factor.,Binary flag equal to 1 when 'sales_yield' is unavailable and 0 otherwise.,The flag itself must never be missing.,7550,0,1.0,1.0,2014-01-31,2026-07-27
75,fund__book_to_market_missing,int8,predictor,fundamental_missing,Value,data/processed/features_fundamental_monthly.parquet,book_to_market_missing,True,Derived solely from availability of the point-in-time raw fundamental factor.,Binary flag equal to 1 when 'book_to_market' is unavailable and 0 otherwise.,The flag itself must never be missing.,7550,0,1.0,1.0,2014-01-31,2026-07-27
76,fund__fcf_yield_missing,int8,predictor,fundamental_missing,Value,data/processed/features_fundamental_monthly.parquet,fcf_yield_missing,True,Derived solely from availability of the point-in-time raw fundamental factor.,Binary flag equal to 1 when 'fcf_yield' is unavailable and 0 otherwise.,The flag itself must never be missing.,7550,0,1.0,1.0,2014-01-31,2026-07-27
77,fund__roe_missing,int8,predictor,fundamental_missing,Quality,data/processed/features_fundamental_monthly.parquet,roe_missing,True,Derived solely from availability of the point-in-time raw fundamental factor.,Binary flag equal to 1 when 'roe' is unavailable and 0 otherwise.,The flag itself must never be missing.,7550,0,1.0,1.0,2014-01-31,2026-07-27
78,fund__roa_missing,int8,predictor,fundamental_missing,Quality,data/processed/features_fundamental_monthly.parquet,roa_missing,True,Derived solely from availability of the point-in-time raw fundamental factor.,Binary flag equal to 1 when 'roa' is unavailable and 0 otherwise.,The flag itself must never be missing.,7550,0,1.0,1.0,2014-01-31,2026-07-27
79,fund__gross_profitability_missing,int8,predictor,fundamental_missing,Quality,data/processed/features_fundamental_monthly.parquet,gross_profitability_missing,True,Derived solely from availability of the point-in-time raw fundamental factor.,Binary flag equal to 1 when 'gross_profitability' is unavailable and 0 otherwise.,The flag itself must never be missing.,7550,0,1.0,1.0,2014-01-31,2026-07-27
80,fund__gross_margin_missing,int8,predictor,fundamental_missing,Quality,data/processed/features_fundamental_monthly.parquet,gross_margin_missing,True,Derived solely from availability of the point-in-time raw fundamental factor.,Binary flag equal to 1 when 'gross_margin' is unavailable and 0 otherwise.,The flag itself must never be missing.,7550,0,1.0,1.0,2014-01-31,2026-07-27
81,fund__operating_margin_missing,int8,predictor,fundamental_missing,Quality,data/processed/features_fundamental_monthly.parquet,operating_margin_missing,True,Derived solely from availability of the point-in-time raw fundamental factor.,Binary flag equal to 1 when 'operating_margin' is unavailable and 0 otherwise.,The flag itself must never be missing.,7550,0,1.0,1.0,2014-01-31,2026-07-27
82,fund__net_margin_missing,int8,predictor,fundamental_missing,Quality,data/processed/features_fundamental_monthly.parquet,net_margin_missing,True,Derived solely from availability of the point-in-time raw fundamental factor.,Binary flag equal to 1 when 'net_margin' is unavailable and 0 otherwise.,The flag itself must never be missing.,7550,0,1.0,1.0,2014-01-31,2026-07-27
83,fund__cash_conversion_missing,int8,predictor,fundamental_missing,Quality,data/processed/features_fundamental_monthly.parquet,cash_conversion_missing,True,Derived solely from availability of the point-in-time raw fundamental factor.,Binary flag equal to 1 when 'cash_conversion' is unavailable and 0 otherwise.,The flag itself must never be missing.,7550,0,1.0,1.0,2014-01-31,2026-07-27
84,fund__debt_to_assets_missing,int8,predictor,fundamental_missing,Leverage,data/processed/features_fundamental_monthly.parquet,debt_to_assets_missing,True,Derived solely from availability of the point-in-time raw fundamental factor.,Binary flag equal to 1 when 'debt_to_assets' is unavailable and 0 otherwise.,The flag itself must never be missing.,7550,0,1.0,1.0,2014-01-31,2026-07-27
85,fund__net_debt_to_assets_missing,int8,predictor,fundamental_missing,Leverage,data/processed/features_fundamental_monthly.parquet,net_debt_to_assets_missing,True,Derived solely from availability of the point-in-time raw fundamental factor.,Binary flag equal to 1 when 'net_debt_to_assets' is unavailable and 0 otherwise.,The flag itself must never be missing.,7550,0,1.0,1.0,2014-01-31,2026-07-27
86,fund__current_ratio_missing,int8,predictor,fundamental_missing,Solvency,data/processed/features_fundamental_monthly.parquet,current_ratio_missing,True,Derived solely from availability of the point-in-time raw fundamental factor.,Binary flag equal to 1 when 'current_ratio' is unavailable and 0 otherwise.,The flag itself must never be missing.,7550,0,1.0,1.0,2014-01-31,2026-07-27
87,fund__interest_coverage_missing,int8,predictor,fundamental_missing,Solvency,data/processed/features_fundamental_monthly.parquet,interest_coverage_missing,True,Derived solely from availability of the point-in-time raw fundamental factor.,Binary flag equal to 1 when 'interest_coverage' is unavailable and 0 otherwise.,The flag itself must never be missing.,7550,0,1.0,1.0,2014-01-31,2026-07-27
88,fund__capex_to_assets_missing,int8,predictor,fundamental_missing,Investment,data/processed/features_fundamental_monthly.parquet,capex_to_assets_missing,True,Derived solely from availability of the point-in-time raw fundamental factor.,Binary flag equal to 1 when 'capex_to_assets' is unavailable and 0 otherwise.,The flag itself must never be missing.,7550,0,1.0,1.0,2014-01-31,2026-07-27
89,fund__accruals_missing,int8,predictor,fundamental_missing,Accruals,data/processed/features_fundamental_monthly.parquet,accruals_missing,True,Derived solely from availability of the point-in-time raw fundamental factor.,Binary flag equal to 1 when 'accruals' is unavailable and 0 otherwise.,The flag itself must never be missing.,7550,0,1.0,1.0,2014-01-31,2026-07-27
90,fund__revenue_growth_yoy_missing,int8,predictor,fundamental_missing,Growth,data/processed/features_fundamental_monthly.parquet,revenue_growth_yoy_missing,True,Derived solely from availability of the point-in-time raw fundamental factor.,Binary flag equal to 1 when 'revenue_growth_yoy' is unavailable and 0 otherwise.,The flag itself must never be missing.,7550,0,1.0,1.0,2014-01-31,2026-07-27
91,fund__net_income_growth_yoy_missing,int8,predictor,fundamental_missing,Growth,data/processed/features_fundamental_monthly.parquet,net_income_growth_yoy_missing,True,Derived solely from availability of the point-in-time raw fundamental factor.,Binary flag equal to 1 when 'net_income_growth_yoy' is unavailable and 0 otherwise.,The flag itself must never be missing.,7550,0,1.0,1.0,2014-01-31,2026-07-27
92,fund__operating_cash_flow_growth_yoy_missing,int8,predictor,fundamental_missing,Growth,data/processed/features_fundamental_monthly.parquet,operating_cash_flow_growth_yoy_missing,True,Derived solely from availability of the point-in-time raw fundamental factor.,Binary flag equal to 1 when 'operating_cash_flow_growth_yoy' is unavailable and 0 otherwise.,The flag itself must never be missing.,7550,0,1.0,1.0,2014-01-31,2026-07-27
93,fund__asset_growth_yoy_missing,int8,predictor,fundamental_missing,Investment,data/processed/features_fundamental_monthly.parquet,asset_growth_yoy_missing,True,Derived solely from availability of the point-in-time raw fundamental factor.,Binary flag equal to 1 when 'asset_growth_yoy' is unavailable and 0 otherwise.,The flag itself must never be missing.,7550,0,1.0,1.0,2014-01-31,2026-07-27
94,fund__revenue_growth_acceleration_missing,int8,predictor,fundamental_missing,Growth,data/processed/features_fundamental_monthly.parquet,revenue_growth_acceleration_missing,True,Derived solely from availability of the point-in-time raw fundamental factor.,Binary flag equal to 1 when 'revenue_growth_acceleration' is unavailable and 0 otherwise.,The flag itself must never be missing.,7550,0,1.0,1.0,2014-01-31,2026-07-27
95,fund__net_income_growth_acceleration_missing,int8,predictor,fundamental_missing,Growth,data/processed/features_fundamental_monthly.parquet,net_income_growth_acceleration_missing,True,Derived solely from availability of the point-in-time raw fundamental factor.,Binary flag equal to 1 when 'net_income_growth_acceleration' is unavailable and 0 otherwise.,The flag itself must never be missing.,7550,0,1.0,1.0,2014-01-31,2026-07-27
96,fund__operating_cash_flow_growth_acceleration_missing,int8,predictor,fundamental_missing,Growth,data/processed/features_fundamental_monthly.parquet,operating_cash_flow_growth_acceleration_missing,True,Derived solely from availability of the point-in-time raw fundamental factor.,Binary flag equal to 1 when 'operating_cash_flow_growth_acceleration' is unavailable and 0 otherwise.,The flag itself must never be missing.,7550,0,1.0,1.0,2014-01-31,2026-07-27
97,first_future_date,datetime64[ms],target_metadata,target_metadata,Target,data/processed/labels_monthly.parquet,first_future_date,False,Future information. Never permitted inside the predictor matrix.,First market session strictly after as_of_date.,Missing for inference-only observations.,7450,100,0.9867549668874173,0.0,2014-01-31,2026-05-29
98,target_end_date,datetime64[ms],target_metadata,target_metadata,Target,data/processed/labels_monthly.parquet,target_end_date,False,Future information. Never permitted inside the predictor matrix.,Market date corresponding to the end of the configured forward horizon.,Missing when a complete future horizon is not yet available.,7450,100,0.9867549668874173,0.0,2014-01-31,2026-05-29
99,horizon_sessions,float64,target_metadata,target_metadata,Target,data/processed/labels_monthly.parquet,horizon_sessions,False,Target definition; does not enter the predictor matrix.,Configured number of future market sessions used by the target.,Missing for inference-only observations.,7450,100,0.9867549668874173,0.0,2014-01-31,2026-05-29
100,target_21d,float64,target,target,Target,data/processed/labels_monthly.parquet,target_21d,False,Known only after the complete future 21-session horizon has occurred.,Adjusted-close return from as_of_date to target_end_date.,Missing for inference-only observations.,7450,100,0.9867549668874173,0.0,2014-01-31,2026-05-29
101,target_21d_excess,float64,target,target,Target,data/processed/labels_monthly.parquet,target_21d_excess,False,Known only after the complete future 21-session horizon has occurred.,target_21d minus the cross-sectional median target_21d on the same as_of_date.,Missing for inference-only observations.,7450,100,0.9867549668874173,0.0,2014-01-31,2026-05-29
102,label_top_quintile,Int8,target,target,Target,data/processed/labels_monthly.parquet,label_top_quintile,False,Known only after the complete future 21-session horizon has occurred.,Binary label equal to 1 for securities inside the top 20% of future returns on the same rebalance date.,Missing for inference-only observations.,7450,100,0.9867549668874173,0.0,2014-01-31,2026-05-29
103,technical_missing_count,int16,diagnostic,diagnostic,Data quality,data/processed/modeling_panel.parquet,Derived,False,Calculated from predictor availability at as_of_date.,Number of missing technical predictor values in the row.,Must never be missing.,7550,0,1.0,1.0,2014-01-31,2026-07-27
104,fundamental_global_missing_count,int16,diagnostic,diagnostic,Data quality,data/processed/modeling_panel.parquet,Derived,False,Calculated from predictor availability at as_of_date.,Number of missing global fundamental z-scores in the row.,Must never be missing.,7550,0,1.0,1.0,2014-01-31,2026-07-27
105,fundamental_sector_missing_count,int16,diagnostic,diagnostic,Data quality,data/processed/modeling_panel.parquet,Derived,False,Calculated from predictor availability at as_of_date.,Number of missing sector-relative fundamental z-scores in the row.,Must never be missing.,7550,0,1.0,1.0,2014-01-31,2026-07-27
106,model_feature_missing_count,int16,diagnostic,diagnostic,Data quality,data/processed/modeling_panel.parquet,Derived,False,Calculated from all candidate predictors available at as_of_date.,Total number of missing values among the candidate model features.,Must never be missing.,7550,0,1.0,1.0,2014-01-31,2026-07-27
107,has_target,int8,diagnostic,diagnostic,Sample,data/processed/modeling_panel.parquet,Derived,False,Describes whether the full future target exists; never used as a predictor.,"1 when all target fields are available, otherwise 0.",Must never be missing.,7550,0,1.0,1.0,2014-01-31,2026-07-27
108,sample_role,str,diagnostic,diagnostic,Sample,data/processed/modeling_panel.parquet,Derived,False,Describes sample eligibility; never used as a predictor.,'modeling' when has_target=1 and 'inference_only' otherwise.,Must never be missing.,7550,0,1.0,1.0,2014-01-31,2026-07-27
