model_name,feature,mean_coefficient,mean_absolute_coefficient,nonzero_ratio
elastic_net,fund__book_to_market_missing,0.004136507712052092,0.004136507712052092,0.3246753246753247
elastic_net,fund__sales_yield_zscore,-0.003690941038669255,0.003690941038669255,0.7662337662337663
elastic_net,tech__distance_sma_200d_sector_neutral,0.0035176035165795766,0.0035176035165795766,0.5064935064935064
elastic_net,tech__max_drawdown_126d_sector_neutral,-0.00326553595041941,0.00326553595041941,0.8181818181818182
elastic_net,tech__sma_50_200_spread_sector_neutral,-0.0029358749734978823,0.0029358749734978823,0.3246753246753247
elastic_net,tech__distance_sma_50d_sector_neutral,-0.0028056127128504994,0.0028056127128504994,0.5844155844155844
elastic_net,fund__revenue_growth_acceleration_missing,-0.002718317031316451,0.002718317031316451,0.5844155844155844
elastic_net,fund__sales_yield_sector_zscore,0.002271520687193787,0.002271520687193787,0.8181818181818182
elastic_net,tech__momentum_6_1_sector_neutral,0.0021083741809077763,0.0021083741809077763,0.7792207792207793
elastic_net,fund__operating_cash_flow_growth_yoy_missing,-0.0018006941333050873,0.0018006941333050873,0.4025974025974026
elastic_net,tech__amihud_illiquidity_20d_sector_neutral,0.0016627376498026323,0.0016627376498026323,0.7012987012987013
elastic_net,fund__earnings_yield_zscore,0.0015819390072636774,0.0015819390072636774,0.6623376623376623
elastic_net,fund__current_ratio_zscore,0.0015335485242284417,0.0015335485242284417,0.8181818181818182
elastic_net,fund__book_to_market_zscore,-7.675705920901693e-05,0.0014336463706222536,0.4155844155844156
elastic_net,tech__average_dollar_volume_20d_sector_neutral,0.001127843623194113,0.001127843623194113,0.6233766233766234
elastic_net,fund__net_margin_sector_zscore,-0.0010440362596864767,0.0010440362596864767,0.7402597402597403
elastic_net,fund__operating_margin_zscore,0.0010288542310264114,0.0010288542310264114,0.5064935064935064
elastic_net,fund__interest_coverage_missing,-0.001024758011050479,0.001024758011050479,0.5194805194805194
elastic_net,fund__net_income_growth_acceleration_zscore,0.0009376741029584237,0.0009824026420631167,0.6363636363636364
elastic_net,tech__volatility_60d_sector_neutral,0.0009718246580609548,0.0009718246580609548,0.8961038961038961
elastic_net,fund__operating_margin_missing,0.000955066907421396,0.000955066907421396,0.3246753246753247
elastic_net,fund__cash_conversion_zscore,-0.000934160714370329,0.000934160714370329,0.6103896103896104
elastic_net,fund__roe_missing,0.0009223002498402223,0.0009223002498402223,0.3246753246753247
elastic_net,fund__earnings_yield_missing,-0.0008979473881128722,0.0008979473881128722,0.07792207792207792
elastic_net,fund__current_ratio_missing,-0.0008542894959812155,0.0008542894959812155,0.22077922077922077
elastic_net,fund__capex_to_assets_zscore,-0.0008465749860925113,0.0008465749860925113,0.7012987012987013
elastic_net,fund__roa_missing,0.0008038944015233916,0.0008038944015233916,0.11688311688311688
elastic_net,fund__operating_cash_flow_growth_acceleration_missing,0.0007576044489454729,0.0007576044489454729,0.23376623376623376
elastic_net,fund__asset_growth_yoy_missing,0.000745671465092508,0.000745671465092508,0.3246753246753247
elastic_net,fund__interest_coverage_zscore,-0.0007399786345971839,0.0007399786345971839,0.5844155844155844
elastic_net,fund__roe_sector_zscore,0.0007330501414178954,0.0007330501414178954,0.38961038961038963
elastic_net,fund__net_margin_zscore,-0.000680118608422432,0.0006938682253045889,0.36363636363636365
elastic_net,fund__operating_cash_flow_growth_yoy_sector_zscore,0.0006884898222780306,0.0006884898222780306,0.5844155844155844
elastic_net,tech__return_3m_sector_neutral,0.0006869636355610033,0.0006869636355610033,0.6363636363636364
elastic_net,fund__asset_growth_yoy_sector_zscore,-0.0006497426806681822,0.0006497426806681822,0.5064935064935064
elastic_net,fund__accruals_zscore,-0.0005992185239775276,0.0005992185239775276,0.42857142857142855
elastic_net,fund__net_income_growth_yoy_sector_zscore,-0.0005806269581274923,0.0005806269581274923,0.6233766233766234
elastic_net,tech__downside_volatility_60d_sector_neutral,-0.0005476577676647973,0.0005476577676647973,0.3246753246753247
elastic_net,tech__beta_60d_market_sector_neutral,-0.0005155378869866219,0.0005155378869866219,0.42857142857142855
elastic_net,fund__roa_zscore,9.48217478137815e-05,0.0005058653469758175,0.35064935064935066
elastic_net,fund__net_debt_to_assets_zscore,-0.0005036925609517916,0.0005036925609517916,0.5454545454545454
elastic_net,tech__dollar_volume_change_20d_60d_sector_neutral,-0.000489120486649683,0.000489120486649683,0.5974025974025974
elastic_net,fund__revenue_growth_acceleration_zscore,-0.0004887314009196449,0.0004887314009196449,0.5844155844155844
elastic_net,fund__fcf_yield_missing,-0.00048245730792527745,0.00048245730792527745,0.2857142857142857
elastic_net,fund__gross_margin_zscore,-0.0004642528367260897,0.0004642528367260897,0.4155844155844156
elastic_net,fund__revenue_growth_acceleration_sector_zscore,-0.00046135866790268827,0.00046135866790268827,0.7922077922077922
elastic_net,fund__revenue_growth_yoy_sector_zscore,-0.00046037594258301344,0.00046037594258301344,0.4935064935064935
elastic_net,fund__asset_growth_yoy_zscore,0.0004535313786813334,0.0004535313786813334,0.5454545454545454
elastic_net,fund__operating_cash_flow_growth_acceleration_sector_zscore,-0.0004366318531410372,0.0004366318531410372,0.4025974025974026
elastic_net,fund__gross_profitability_missing,-0.0004076985748015524,0.0004076985748015524,0.5584415584415584
elastic_net,fund__gross_margin_missing,-0.0003946114347451158,0.0003946114347451158,0.5584415584415584
elastic_net,fund__roa_sector_zscore,-0.0003751107902966684,0.0003751107902966684,0.2987012987012987
elastic_net,fund__gross_margin_sector_zscore,-0.0003597175728946792,0.00036991594810282434,0.6753246753246753
elastic_net,fund__accruals_sector_zscore,-0.00019130763552687742,0.0003660342332766294,0.5714285714285714
elastic_net,fund__revenue_growth_yoy_missing,0.0003215802422948641,0.0003215802422948641,0.12987012987012986
elastic_net,fund__debt_to_assets_sector_zscore,0.0003148486573062559,0.0003148486573062559,0.5714285714285714
elastic_net,fund__net_income_growth_yoy_missing,0.0002938020618520293,0.0002938020618520293,0.19480519480519481
elastic_net,fund__operating_cash_flow_growth_yoy_zscore,-0.0001421542903803993,0.00026094854914690373,0.45454545454545453
elastic_net,tech__return_1m_sector_neutral,0.0001625918757588325,0.0002543542401891684,0.36363636363636365
elastic_net,fund__net_income_growth_yoy_zscore,-0.00022294328535871,0.0002322475073273523,0.36363636363636365
elastic_net,fund__debt_to_assets_missing,-0.00022606655561117667,0.00022606655561117667,0.3116883116883117
elastic_net,fund__net_debt_to_assets_missing,-0.00021885830997055817,0.00021885830997055817,0.3116883116883117
elastic_net,fund__earnings_yield_sector_zscore,0.0002096068926292868,0.0002096068926292868,0.2987012987012987
elastic_net,fund__capex_to_assets_sector_zscore,0.00020305355541108024,0.00020762061004869322,0.2857142857142857
elastic_net,tech__momentum_12_1_sector_neutral,0.00011751469126732051,0.00020670789020666556,0.5064935064935064
elastic_net,fund__cash_conversion_missing,-0.000200424952690082,0.000200424952690082,0.18181818181818182
elastic_net,fund__accruals_missing,-0.00020028748693784706,0.00020028748693784706,0.18181818181818182
elastic_net,tech__reversal_1m_sector_neutral,-0.00010869152119375996,0.00019848977743968608,0.36363636363636365
elastic_net,fund__book_to_market_sector_zscore,-1.1860291211600854e-06,0.0001970509778037774,0.33766233766233766
elastic_net,fund__roe_zscore,0.00019183696233147785,0.00019183696233147785,0.45454545454545453
elastic_net,fund__fcf_yield_sector_zscore,0.00016835214181990297,0.00019051538464343303,0.6623376623376623
elastic_net,fund__interest_coverage_sector_zscore,-0.00018149973995816758,0.00019044717279581442,0.5714285714285714
elastic_net,fund__revenue_growth_yoy_zscore,0.00017916913923193332,0.0001840735137257678,0.4155844155844156
elastic_net,tech__return_1w_sector_neutral,-0.00011893242317513266,0.000181595536259563,0.4675324675324675
elastic_net,fund__operating_cash_flow_growth_acceleration_zscore,-0.00017322685336499142,0.00017723900341504002,0.44155844155844154
elastic_net,fund__gross_profitability_sector_zscore,0.00017003928042593145,0.00017003928042593145,0.2857142857142857
elastic_net,fund__capex_to_assets_missing,-0.00013560439865096987,0.00015706634034440268,0.14285714285714285
elastic_net,fund__operating_margin_sector_zscore,-0.00010448744397384397,0.00015093937586754832,0.33766233766233766
elastic_net,fund__current_ratio_sector_zscore,-0.00014859926424346293,0.00014859926424346293,0.24675324675324675
elastic_net,fund__net_income_growth_acceleration_sector_zscore,-0.00012894482887010987,0.00013291519271467175,0.33766233766233766
elastic_net,fund__debt_to_assets_zscore,0.00012098914003519419,0.00012098914003519419,0.15584415584415584
elastic_net,tech__volatility_20d_sector_neutral,9.559730314925773e-05,0.0001084915040539534,0.35064935064935066
elastic_net,fund__cash_conversion_sector_zscore,0.00010333057274426905,0.00010333057274426905,0.2077922077922078
elastic_net,fund__fcf_yield_zscore,9.296360265432736e-06,0.00010148306748691667,0.2987012987012987
elastic_net,fund__net_margin_missing,9.95061767584177e-05,9.95061767584177e-05,0.07792207792207792
elastic_net,fund__gross_profitability_zscore,7.039294224157423e-05,8.932916920189773e-05,0.3116883116883117
elastic_net,fund__net_debt_to_assets_sector_zscore,6.707424677273189e-05,8.532246296658196e-05,0.3246753246753247
elastic_net,fund__sales_yield_missing,6.750714524128427e-05,6.750714524128427e-05,0.03896103896103896
elastic_net,fund__net_income_growth_acceleration_missing,-5.656417599874847e-05,5.798272909630034e-05,0.07792207792207792
elastic_net,tech__positive_day_ratio_60d_sector_neutral,1.21352340325803e-05,2.8269212603496826e-05,0.2077922077922078
elastic_net,tech__zero_volume_ratio_60d_sector_neutral,0.0,0.0,0.0
ridge,fund__book_to_market_missing,0.010468694879354347,0.010468694879354347,1.0
ridge,tech__distance_sma_200d_sector_neutral,0.008269535426221884,0.008269535426221884,1.0
ridge,tech__sma_50_200_spread_sector_neutral,-0.0077001438044903454,0.0077001438044903454,1.0
ridge,tech__distance_sma_50d_sector_neutral,-0.007320741681064272,0.007320741681064272,1.0
ridge,fund__sales_yield_zscore,-0.0066530695847995215,0.0066530695847995215,1.0
ridge,fund__revenue_growth_acceleration_missing,-0.006406432543403203,0.006406432543403203,1.0
ridge,fund__roa_missing,0.006378481554088872,0.006378481554088872,1.0
ridge,fund__operating_cash_flow_growth_yoy_missing,-0.005694340200718221,0.005694340200718221,1.0
ridge,fund__earnings_yield_missing,-0.003976021321122089,0.00536405765955577,1.0
ridge,tech__max_drawdown_126d_sector_neutral,-0.005086908481616861,0.005086908481616861,1.0
ridge,tech__momentum_6_1_sector_neutral,0.003892249912567747,0.0038945515325717775,1.0
ridge,fund__operating_cash_flow_growth_acceleration_missing,0.0036829588050742803,0.0036829588050742803,1.0
ridge,fund__earnings_yield_zscore,0.003519863301181201,0.003519863301181201,1.0
ridge,fund__sales_yield_sector_zscore,0.0031416621641119176,0.0031416621641119176,1.0
ridge,fund__roe_missing,0.00313700789711237,0.00313700789711237,1.0
ridge,fund__current_ratio_missing,-0.0029452398440379538,0.003025116893583131,1.0
ridge,fund__interest_coverage_missing,-0.002976022511817124,0.002993753814395974,1.0
ridge,fund__operating_margin_zscore,0.0029747626040338713,0.0029747626040338713,1.0
ridge,tech__amihud_illiquidity_20d_sector_neutral,0.002928205263048931,0.002928205263048931,1.0
ridge,fund__operating_margin_missing,0.002818058254599737,0.002818058254599737,1.0
ridge,fund__sales_yield_missing,0.0028099035503248533,0.0028099035503248533,1.0
ridge,tech__downside_volatility_60d_sector_neutral,-0.0027237645609728208,0.0027237645609728208,1.0
ridge,tech__volatility_60d_sector_neutral,0.002698028612467801,0.002698028612467801,1.0
ridge,fund__net_income_growth_acceleration_zscore,0.0023208409029035386,0.0025521247694527383,1.0
ridge,fund__current_ratio_zscore,0.0024813027692768574,0.002485105285411247,1.0
ridge,fund__asset_growth_yoy_missing,0.0024089527417824473,0.0024518906553366335,1.0
ridge,tech__average_dollar_volume_20d_sector_neutral,0.002362524355425671,0.002362524355425671,1.0
ridge,fund__capex_to_assets_missing,0.0005171847195143466,0.0022731405192928838,1.0
ridge,fund__book_to_market_zscore,0.0005577039140412851,0.0020179358718478983,1.0
ridge,fund__net_debt_to_assets_zscore,-0.002001689322980243,0.002001689322980243,1.0
ridge,fund__net_margin_zscore,-0.001772721732311548,0.001978688841110477,1.0
ridge,fund__net_income_growth_acceleration_missing,-0.001574494088919615,0.0019701918438304487,1.0
ridge,fund__fcf_yield_missing,-0.0007085424596474296,0.001907657665232662,1.0
ridge,fund__capex_to_assets_zscore,-0.001842480029992445,0.001842480029992445,1.0
ridge,fund__accruals_missing,-0.0017543910930216105,0.0017655172549229288,1.0
ridge,fund__cash_conversion_missing,-0.001754391093021313,0.0017655172549226313,1.0
ridge,fund__operating_cash_flow_growth_yoy_sector_zscore,0.0017070474280821044,0.0017070474280821044,1.0
ridge,fund__cash_conversion_zscore,-0.0016883382077944435,0.0016883382077944435,1.0
ridge,fund__net_income_growth_yoy_missing,0.0016301536078373018,0.0016384135353920328,1.0
ridge,fund__gross_margin_missing,-0.0015724663539829048,0.0015724663539829048,1.0
ridge,fund__gross_profitability_missing,-0.0015724663539828732,0.0015724663539828732,1.0
ridge,fund__roa_sector_zscore,-0.0014822268835423882,0.001515477781690922,1.0
ridge,fund__net_margin_sector_zscore,-0.0011091575831033138,0.00149662605094325,1.0
ridge,fund__asset_growth_yoy_sector_zscore,-0.0013745390884627035,0.0014256254895799935,1.0
ridge,tech__beta_60d_market_sector_neutral,-0.001401704471735534,0.0014242334303480216,1.0
ridge,fund__revenue_growth_yoy_missing,0.0006556287121613528,0.0014130670424178573,1.0
ridge,fund__accruals_zscore,-0.0013467908015035313,0.0013796353252878825,1.0
ridge,fund__revenue_growth_yoy_sector_zscore,-0.0013742487225783069,0.0013742487225783069,1.0
ridge,fund__interest_coverage_zscore,-0.0010685760530948346,0.0013075252437693523,1.0
ridge,fund__roe_sector_zscore,0.0013029209394075747,0.0013029209394075747,1.0
ridge,fund__gross_margin_zscore,-0.000954939056347383,0.0012219414882540676,1.0
ridge,fund__net_income_growth_yoy_zscore,-0.0008613096401093176,0.001197980430408943,1.0
ridge,tech__dollar_volume_change_20d_60d_sector_neutral,-0.00119692517689102,0.00119692517689102,1.0
ridge,tech__return_3m_sector_neutral,0.0010968969860507246,0.001196606640236059,1.0
ridge,fund__operating_cash_flow_growth_yoy_zscore,-0.00030864153191340673,0.0011857742718448425,1.0
ridge,fund__operating_cash_flow_growth_acceleration_sector_zscore,-0.0011522182182433715,0.0011522182182433715,1.0
ridge,fund__book_to_market_sector_zscore,-0.0002572365407694764,0.0011370283029312545,1.0
ridge,fund__gross_profitability_sector_zscore,0.0010550995959606852,0.0010550995959606852,1.0
ridge,fund__net_debt_to_assets_missing,-0.001033683273757233,0.0010364647958463476,1.0
ridge,fund__debt_to_assets_missing,-0.0010336832737572247,0.0010364647958463395,1.0
ridge,fund__revenue_growth_acceleration_zscore,-0.0010040716208589413,0.0010250473649046148,1.0
ridge,fund__debt_to_assets_zscore,0.000989610812317663,0.0009974279330758565,1.0
ridge,fund__net_income_growth_yoy_sector_zscore,-0.0009457085669783179,0.0009821966391822554,1.0
ridge,fund__roa_zscore,-0.0007036992123241256,0.0009720091282533976,1.0
ridge,fund__asset_growth_yoy_zscore,0.0009545686399200288,0.0009578663013147499,1.0
ridge,fund__net_margin_missing,-0.0008649597870874503,0.0009542075941694304,1.0
ridge,fund__capex_to_assets_sector_zscore,0.0008570129373048249,0.0009317409622561022,1.0
ridge,fund__roe_zscore,0.0008943327385255372,0.0008943327385255372,1.0
ridge,fund__net_debt_to_assets_sector_zscore,0.0006884139534812869,0.0008858564212575936,1.0
ridge,fund__gross_margin_sector_zscore,-0.0005667025423678288,0.0008586485697662182,1.0
ridge,tech__return_1m_sector_neutral,0.0007077062628801781,0.0008480543858375716,1.0
ridge,tech__reversal_1m_sector_neutral,-0.0007077062628801201,0.0008480543858375172,1.0
ridge,fund__operating_margin_sector_zscore,-0.0007111277776575644,0.0008087377226315396,1.0
ridge,fund__operating_cash_flow_growth_acceleration_zscore,-0.0005447003292355551,0.000767659897361817,1.0
ridge,fund__debt_to_assets_sector_zscore,0.000616780368497427,0.0007089911696731558,1.0
ridge,tech__momentum_12_1_sector_neutral,0.00018423432956530836,0.0007083021386269696,1.0
ridge,fund__revenue_growth_yoy_zscore,0.000599258258814303,0.0006911335900010959,1.0
ridge,fund__current_ratio_sector_zscore,-0.0005719028801980546,0.0006272022322947329,1.0
ridge,fund__revenue_growth_acceleration_sector_zscore,-0.0006003010788234206,0.0006214981338277387,1.0
ridge,tech__volatility_20d_sector_neutral,0.0005439312782429456,0.0005977280253299247,1.0
ridge,fund__accruals_sector_zscore,0.00011284795852098609,0.0005948118155181462,1.0
ridge,fund__fcf_yield_sector_zscore,0.0004953398207104256,0.0005880104544181673,1.0
ridge,fund__cash_conversion_sector_zscore,0.00036488219958732797,0.0005817288234877797,1.0
ridge,fund__earnings_yield_sector_zscore,0.0005735451242324975,0.0005803316300541942,1.0
ridge,fund__gross_profitability_zscore,-0.000346823304795224,0.0005749293709033699,1.0
ridge,fund__net_income_growth_acceleration_sector_zscore,-0.00028274859922506273,0.0004798859094628271,1.0
ridge,fund__fcf_yield_zscore,-0.0002297079469544226,0.0004626590826974994,1.0
ridge,tech__return_1w_sector_neutral,-0.00028643202364335207,0.0003856429770842785,1.0
ridge,fund__interest_coverage_sector_zscore,-0.00018669353839705067,0.00037656348775046025,1.0
ridge,tech__positive_day_ratio_60d_sector_neutral,0.00031008098738308085,0.00037088696743009644,1.0
ridge,tech__zero_volume_ratio_60d_sector_neutral,0.0,0.0,0.0
