as_of_date,solver_status,objective_value,predicted_alpha_proxy,predicted_variance,predicted_volatility,one_way_turnover,portfolio_beta_vs_spy,maximum_position_adv_fraction,positions,maximum_weight,maximum_sector_weight,scenario
2020-01-31,optimal,0.020422391899792645,0.029560997628677067,0.018277211457768845,0.13519323747055118,,1.0955139388923962,0.0002030454231681009,21,0.049999000000000016,0.20001599999999997,alpha_risk_turnover_no_penalty
2020-02-28,optimal,0.01831574801492096,0.029353185626068888,0.022074875101212962,0.14857615926255788,0.33323182613387625,1.0692182325576989,0.00017335302265594304,21,0.04999900198459974,0.24999500449331058,alpha_risk_turnover_no_penalty
2020-03-31,optimal,-0.019800295512025765,0.02827261062259196,0.09614581239815542,0.31007388216061577,0.33321182371377456,1.0933082844127606,0.0001444252824980156,21,0.04999899993649383,0.19636980270424104,alpha_risk_turnover_no_penalty
2020-04-30,optimal,-0.020810314083321832,0.027696082979429833,0.09701279404555169,0.311468768972993,0.3036202047608606,1.0146932369728965,0.00014594996195193711,21,0.04999900038832192,0.24913173323261184,alpha_risk_turnover_no_penalty
2020-05-29,optimal,-0.021119646614481437,0.027953817393822425,0.09814692796283041,0.3132841010374296,0.1508802642055132,1.0063916449846817,0.0001379350619700269,21,0.04999900067646262,0.24999500228826524,alpha_risk_turnover_no_penalty
2020-06-30,optimal,-0.03033577761288234,0.027550783766812446,0.11577312254666977,0.3402544967324749,0.3175154921034521,1.0651352872773407,0.00018859623499671457,22,0.049999000650606834,0.24999900035216027,alpha_risk_turnover_no_penalty
2020-07-31,optimal,-0.02517866218232669,0.02861204510595316,0.10758141446910263,0.3279960586182441,0.2793416821177535,1.0201780297292409,0.00022336613064606638,22,0.049999001661805584,0.18491983655315983,alpha_risk_turnover_no_penalty
2020-08-31,optimal,-0.019626513121102623,0.02693842026491258,0.09312986698763641,0.30517186467241114,0.28445496608102755,0.9643990781117686,0.00024234970459938567,21,0.04999899985774658,0.1999959981072238,alpha_risk_turnover_no_penalty
2020-09-30,optimal,-0.022023381523607496,0.02652736038842974,0.09710148380839231,0.31161110989243035,0.24999501001960572,0.954047564036933,0.00025931836820394934,21,0.049999000195069386,0.2499950002188605,alpha_risk_turnover_no_penalty
2020-10-30,optimal,-0.02003396698037683,0.02703018106787715,0.09412829622189216,0.3068033510604018,0.24303892306761452,0.9288756207625547,0.00020964850651166136,22,0.04999900001722428,0.24999499998615643,alpha_risk_turnover_no_penalty
2020-11-30,optimal,-0.026237494532870533,0.026632367233664488,0.10573972346878852,0.32517644974504,0.23018694468793702,0.9765719351011004,0.0002156000553825829,21,0.049999000633936544,0.2479897007052973,alpha_risk_turnover_no_penalty
2020-12-31,optimal,-0.03315777328292029,0.02794344965055691,0.1222024458551783,0.34957466420663025,0.3344684336285051,1.0645449988669364,0.00023204498795693178,23,0.04999900025507253,0.21274431837929658,alpha_risk_turnover_no_penalty
2021-01-29,optimal,-0.030502514571391373,0.026603774570643446,0.11421257765992053,0.33795351405174134,0.19999600622434965,1.021763395022387,0.00022133266947204933,21,0.049999001349727165,0.16231017600112255,alpha_risk_turnover_no_penalty
2021-02-26,optimal,-0.02794462814124935,0.02721763349059818,0.1103245232096436,0.3321513558750643,0.3130301211689157,1.0202781213528622,0.00017676641632968448,21,0.0499990012957555,0.1638178289396779,alpha_risk_turnover_no_penalty
2021-03-31,optimal,0.0036362579040362837,0.028577929884981725,0.049883343882683645,0.22334579441458852,0.31930769875697057,1.0647914093196504,0.00016979407671449518,22,0.04999900125070943,0.1999960005696247,alpha_risk_turnover_no_penalty
2021-04-30,optimal,0.011611631802990931,0.02963493570054926,0.03604660763632122,0.18985944178871172,0.22157503966387307,1.0595205030685806,0.00016958015197275227,21,0.04999900163438512,0.19999600392399808,alpha_risk_turnover_no_penalty
2021-05-28,optimal,0.012978066659849179,0.029145169575944586,0.032334205871454164,0.1798171456548406,0.2674104945713805,1.0383580700717756,0.00017573030331918514,22,0.04999899992288202,0.19999599941208593,alpha_risk_turnover_no_penalty
2021-06-30,optimal,0.016903925909582375,0.02860964125874907,0.02341143070907216,0.1530079432875044,0.3860640041651207,1.0041984116497475,0.00019592629490370028,22,0.04999899996476302,0.24999900021713217,alpha_risk_turnover_no_penalty
2021-07-30,optimal,0.01854274018485499,0.029734121871649383,0.022382763278032795,0.149608700542558,0.22661862337307948,0.9773796036459295,0.0001717726236527756,22,0.04999900162533348,0.19999600218633284,alpha_risk_turnover_no_penalty
2021-08-31,optimal,0.018106889034171826,0.030027319494895382,0.023840860817788714,0.15440486008474189,0.32825373219421516,1.026967548737338,0.00019651994451550425,21,0.04999900096998786,0.19999600234274073,alpha_risk_turnover_no_penalty
2021-09-30,optimal,0.01923791410220708,0.03010927458315019,0.021742720964255856,0.14745413173002597,0.22315417515472563,1.0635795520056588,0.00016906593637120855,22,0.049999000158213514,0.21531744826683635,alpha_risk_turnover_no_penalty
2021-10-29,optimal,0.021448987003030603,0.030228182317804973,0.017558390639878838,0.13250807764011535,0.34698502407760656,1.0272561617086995,0.0002005343015989272,21,0.049998999980875036,0.2499949994672401,alpha_risk_turnover_no_penalty
2021-11-30,optimal,0.021997984195317632,0.030281225439348344,0.016566482488653913,0.12871084837205415,0.24997499891297217,1.005515588804237,0.00020077045871634683,21,0.04999900004503383,0.1999960000050961,alpha_risk_turnover_no_penalty
2021-12-31,optimal,0.021008070101963747,0.03010159896710751,0.01818705770409506,0.13485939976173356,0.1999760073035202,0.9912713546658812,0.00015890677151918732,21,0.049999000742152695,0.24999500156749552,alpha_risk_turnover_no_penalty
2022-01-31,optimal,0.019554645547751,0.03049874640375116,0.02188820168755719,0.1479466176955634,0.29731134301291917,1.0854957689216966,0.0001176945368162503,21,0.04999900049488952,0.24999500070374564,alpha_risk_turnover_no_penalty
2022-02-28,optimal,0.01886634256852268,0.03013347752633612,0.022534269882360677,0.15011418947708,0.3026766669080386,1.058188542954584,0.00011099005256924509,21,0.04999900121417784,0.19999600205140644,alpha_risk_turnover_no_penalty
2022-03-31,optimal,0.01800150129713099,0.02869594700686031,0.021388891427854214,0.14624941513679368,0.4567613126231548,0.9644445484936061,0.00010579279721111485,22,0.04999899996744975,0.20718829347929982,alpha_risk_turnover_no_penalty
2022-04-29,optimal,0.015187432086958347,0.02836329895081287,0.026351733705525227,0.16233217088896837,0.255112436705405,0.973884353381773,0.00010589836293261343,22,0.049999000709992775,0.2499950027360234,alpha_risk_turnover_no_penalty
2022-05-31,optimal,0.012852090083615503,0.028356479474785944,0.031008778781766336,0.17609309691684777,0.3164267093120925,0.9587167257104033,0.00016044338922004096,22,0.049999000051676665,0.19999600014856753,alpha_risk_turnover_no_penalty
2022-06-30,optimal,0.009945014901472038,0.026329300654138525,0.032768571499049735,0.18102091453489494,0.34302991242336306,0.882779767251334,0.00012667292828105408,21,0.04999900028568374,0.14999700045503106,alpha_risk_turnover_no_penalty
2022-07-29,optimal,0.010167458008883568,0.02787380143777813,0.03541268686297398,0.18818258916003355,0.32961407107135354,0.8997752112502596,0.00011101117490907042,22,0.04999899998557935,0.19999599971561124,alpha_risk_turnover_no_penalty
2022-08-31,optimal,0.006995552722168168,0.025923666187000493,0.03785622692276287,0.19456676726194244,0.3139607071477443,0.9007587066935342,0.00012489147684537473,23,0.04999900018658608,0.2020063950932426,alpha_risk_turnover_no_penalty
2022-09-30,optimal,0.0075343714277611475,0.02781504293489485,0.040561343029828986,0.20139846829067243,0.3366004265198599,0.8878010550067652,0.00016864066177458572,22,0.049998999940377147,0.19999599878987323,alpha_risk_turnover_no_penalty
2022-10-31,optimal,0.004574433670052013,0.026648363899357524,0.044147860451146236,0.21011392255428063,0.3067641279378766,0.8770200330212349,0.0001740797681146715,21,0.04999900022701439,0.19999600063270678,alpha_risk_turnover_no_penalty
2022-11-30,optimal,0.0015300265176454234,0.0273182069239158,0.05157636080015974,0.22710429498395607,0.3062635964141675,0.9207107356702664,0.0001681711589936417,22,0.049999000409115237,0.14999700043081596,alpha_risk_turnover_no_penalty
2022-12-30,optimal,0.002669138825699066,0.026632671334870465,0.04792706490454915,0.21892250890337692,0.25628459341798704,0.8725971050320666,0.0001588599113335877,21,0.04999900152851144,0.1499970033298232,alpha_risk_turnover_no_penalty
2023-01-31,optimal,0.003686652460358753,0.026836952676439416,0.04630060021375004,0.2151757426239074,0.25001498664199695,0.8558731196951069,0.00016491830243114554,21,0.04999900197593445,0.14999700403656366,alpha_risk_turnover_no_penalty
2023-02-28,optimal,0.00011366491642680887,0.02773531488817948,0.055243299942883406,0.2350389328236567,0.3500129988766454,0.9764570402714067,0.0001696641033025732,22,0.049999000019425095,0.15123262835238938,alpha_risk_turnover_no_penalty
2023-03-31,optimal,0.00037200969576135084,0.026038423362819564,0.05133282737038025,0.2265674896589982,0.3168632403997196,0.9529809055069989,0.0001680692047609259,21,0.04999900008040943,0.19999599976891905,alpha_risk_turnover_no_penalty
2023-04-28,optimal,0.0012515408565458054,0.025928581826394022,0.04935408191817691,0.22215778608497364,0.1625069540531378,0.9474127264896962,0.00013510180891255832,21,0.04999900007940205,0.19999599930010115,alpha_risk_turnover_no_penalty
2023-05-31,optimal,0.00731146541044745,0.027419961872956183,0.040216992929769414,0.20054174859557153,0.33364014817364407,0.9390574045789162,0.00012186341830893672,23,0.04999899998885475,0.1999959997234122,alpha_risk_turnover_no_penalty
2023-06-30,optimal,0.007245195849680024,0.02865024640571223,0.04281010107317827,0.20690601990560417,0.24945479911450816,1.0477335017151228,0.00021995766708372252,21,0.049999000877332195,0.18098856230872312,alpha_risk_turnover_no_penalty
2023-07-31,optimal,0.010959601190923728,0.02826521013910127,0.034611217788597166,0.18604090353628464,0.3000139935133921,0.9627387113583662,0.000166191145905034,21,0.04999900152579129,0.19999600474271056,alpha_risk_turnover_no_penalty
2023-08-31,optimal,0.012401116849675806,0.02898266755419237,0.0331631014090038,0.18210738977044233,0.26865282225484155,0.9809262105804549,0.00022245631938815023,22,0.04999900007686791,0.19999599868985046,alpha_risk_turnover_no_penalty
2023-09-29,optimal,0.01560108404043665,0.02977734210899039,0.02835251613762387,0.16838205408422796,0.3344325833477672,0.9561482314892277,0.00016474375585694682,22,0.04999900019924221,0.1999960000135102,alpha_risk_turnover_no_penalty
2023-10-31,optimal,0.018726749407210017,0.030278711098497578,0.0231039234073645,0.1519997480503323,0.38260262152341834,0.9610939426707603,0.00015983678682935116,21,0.04999900000704,0.19999599954637126,alpha_risk_turnover_no_penalty
2023-11-30,optimal,0.019060420818566487,0.029387636718435303,0.020654431730935854,0.14371649776882212,0.39999201595832845,0.9550304668465983,0.000138337222602374,21,0.04999900134289434,0.20001598738983536,alpha_risk_turnover_no_penalty
2023-12-29,optimal,0.019597500041275594,0.029860107103957232,0.020525214113972914,0.14326623507991307,0.15152738915899333,1.0398756424047304,0.0001253822000705053,21,0.04999900037109233,0.19999600030695247,alpha_risk_turnover_no_penalty
2024-01-31,optimal,0.0206638300624293,0.029732086889158762,0.01813651364600746,0.1346718739975332,0.20152637838388843,1.0052721834685825,0.00012752171788258466,21,0.04999900018480012,0.18019240540439618,alpha_risk_turnover_no_penalty
2024-02-29,optimal,0.020418044007991375,0.02978474975828057,0.018733411458659675,0.1368700531842509,0.16982059188178042,1.0455464284327478,0.00012719239633333845,21,0.049999001257788715,0.18106536164445602,alpha_risk_turnover_no_penalty
2024-03-28,optimal,0.021919216225005006,0.02985975825212801,0.015881084058121823,0.12602017321890105,0.3499730105043831,1.0534323683139812,0.00012211160427807622,22,0.049999000010860564,0.19999599969125847,alpha_risk_turnover_no_penalty
2024-04-30,optimal,0.021854502024313393,0.030611775790862734,0.017514547436116988,0.13234253827140005,0.39846521035470367,1.1042295860870364,0.0001158756318186745,21,0.04999900124645519,0.19999600139945184,alpha_risk_turnover_no_penalty
2024-05-31,optimal,0.022746442738176956,0.030611816415108576,0.01573074733531681,0.12542227607294013,0.10001799295918844,1.045630383668518,0.00011579105020055135,21,0.049999000574348515,0.1999960010357449,alpha_risk_turnover_no_penalty
2024-06-28,optimal,0.023827038352736023,0.0303324022537957,0.01301072779716401,0.11406457731111798,0.24197270133601734,0.95882442657146,0.00012737096571642002,22,0.04999900029502488,0.14999700083177042,alpha_risk_turnover_no_penalty
2024-07-31,optimal,0.022952525257537923,0.030153234763698196,0.01440141900904945,0.12000591239205446,0.23867137965874904,0.9753931089134275,0.0001387899515370398,21,0.049999000249391044,0.1999960006433309,alpha_risk_turnover_no_penalty
2024-08-30,optimal,0.021619275743126422,0.03002485210635771,0.016811152721672315,0.1296578293882491,0.18851838707954807,0.9970056758291529,0.00014588390015629214,21,0.049999000659682796,0.16040375303763696,alpha_risk_turnover_no_penalty
2024-09-30,optimal,0.021455485727561206,0.03030104407724293,0.017691116708501257,0.13300795731271592,0.11038475339581386,0.9940753022991543,0.00014006585282959436,21,0.0499989999800725,0.14999699986559087,alpha_risk_turnover_no_penalty
2024-10-31,optimal,0.021008898962416554,0.029227847604443906,0.01643789724984806,0.1282103632700885,0.32116049684327314,0.9781487620137228,0.0001345906938063989,22,0.04999900112543284,0.19999600279063856,alpha_risk_turnover_no_penalty
2024-11-29,optimal,0.020267718757677664,0.028367484001945577,0.016199530491479562,0.12727737619655569,0.2774572940901515,1.0155586936343097,0.00012784850325926481,23,0.04999899995576282,0.2499949983236389,alpha_risk_turnover_no_penalty
2024-12-31,optimal,0.021620481411017713,0.030073209068505104,0.016905455312296303,0.130020980277401,0.3251784435337781,0.965572844241051,0.00013679702144661838,22,0.04999900013848488,0.199996000423993,alpha_risk_turnover_no_penalty
2025-01-31,optimal,0.022354401698963865,0.02999950176891923,0.015290200180424542,0.1236535490005222,0.24999501235331203,0.9051185876406402,0.00012355435872976625,21,0.04999899982251039,0.14999699894886914,alpha_risk_turnover_no_penalty
2025-02-28,optimal,0.0212507491265427,0.0294767635591458,0.016452028798458605,0.1282654622197987,0.2617313952578387,0.9617409149239691,0.00012722788310588464,21,0.049999001934870044,0.1999960043109531,alpha_risk_turnover_no_penalty
2025-03-31,optimal,0.021858813590366143,0.030013708585481025,0.016309789997009917,0.1277097881801153,0.25944431089174047,0.8693935018813597,0.00011640413339628849,21,0.049999000597470644,0.24999499806784503,alpha_risk_turnover_no_penalty
2025-04-30,optimal,0.0111509751753141,0.027725431957033385,0.033148913553730654,0.18206843096410386,0.2659798529220469,0.9123952833204638,0.00012413840550055442,21,0.0499990001914576,0.19999600033262555,alpha_risk_turnover_no_penalty
2025-05-30,optimal,0.009031860723504467,0.02647329318859174,0.03488286474427015,0.18676954983152408,0.25102942472507644,0.8994823681397841,0.00014252664449138563,21,0.04999900188699942,0.1999960049670402,alpha_risk_turnover_no_penalty
2025-06-30,optimal,0.009108465854268947,0.026893167522798946,0.03556940334633801,0.18859852424220613,0.23118798840536386,0.9177308955227673,0.00010109839055004294,22,0.04999899999787746,0.2177686081857467,alpha_risk_turnover_no_penalty
2025-07-31,optimal,0.012729923509833603,0.02864784588633137,0.03183584472165256,0.1784260203043619,0.39991295299363827,0.8500000001272121,0.00011708341144642775,21,0.04999900151630041,0.1999960017156774,alpha_risk_turnover_no_penalty
2025-08-29,optimal,0.011194607539109332,0.028461040031188368,0.03453286498357084,0.18583020471271844,0.2385524342086957,0.9275885541639959,0.0001729309820793387,22,0.04999900007795611,0.1741929938231079,alpha_risk_turnover_no_penalty
2025-09-30,optimal,0.011790089793331383,0.027773640558314303,0.03196710152144018,0.17879346051083686,0.22953361160012753,0.92298297452249,0.00016365616544148382,22,0.04999900007427987,0.249999000000271,alpha_risk_turnover_no_penalty
2025-10-31,optimal,0.010360792832462117,0.027297477805694713,0.0338733697665389,0.18404719440007475,0.27163944190810335,0.936453295620221,0.00018075388920873862,21,0.049999001901192386,0.1803081417955891,alpha_risk_turnover_no_penalty
2025-11-28,optimal,0.01028961948089806,0.027109188820258222,0.03363913861555472,0.18340975605336463,0.2378196790134278,0.9344244679141903,0.0001576401514545629,22,0.049999001579151235,0.1881508270932348,alpha_risk_turnover_no_penalty
2025-12-31,optimal,0.012110978625720716,0.02840050483528701,0.032579052375264976,0.18049668244947045,0.23197702962122685,0.9197967297093366,0.00013239974312895516,21,0.0499990011961331,0.19999600227403191,alpha_risk_turnover_no_penalty
2026-01-30,optimal,0.011731428502789718,0.028469002066654807,0.033475147117581934,0.18296214667953023,0.3025624720128248,0.9415172231946515,0.00011970027750345279,21,0.04999900018986827,0.1999960001915564,alpha_risk_turnover_no_penalty
2026-02-27,optimal,0.011207596519012365,0.028571028501667844,0.034726863961056786,0.1863514528010361,0.25211602507326525,0.9526964013572264,0.0001137031443335096,22,0.04999900006434724,0.15748842824842393,alpha_risk_turnover_no_penalty
2026-03-31,optimal,0.0160900126746824,0.030159534755943535,0.028139044228320236,0.16774696488556876,0.3524556157994268,0.8708773358745574,8.738436540089292e-05,21,0.04999899990703348,0.23042098416593776,alpha_risk_turnover_no_penalty
2026-04-30,optimal,0.02216288979143788,0.02959167346857073,0.01485756731260641,0.12189162117474035,0.3195880177109485,0.8880295296190658,7.605772600462318e-05,21,0.04999900173294865,0.19999600195117762,alpha_risk_turnover_no_penalty
2026-05-29,optimal,0.022950468709219726,0.02974233455112463,0.013583731690627251,0.11654926722475457,0.20900404454512653,0.8635829533162215,0.00014103903323188708,22,0.04999900006434273,0.23929999486521175,alpha_risk_turnover_no_penalty
2020-01-31,optimal,0.020422391899792645,0.029560997628677067,0.018277211457768845,0.13519323747055118,,1.0955139388923962,0.0002030454231681009,21,0.049999000000000016,0.20001599999999997,alpha_risk_turnover_penalized
2020-02-28,optimal,0.015482332950331457,0.029591306052366855,0.02321764618432731,0.15237337754452812,0.2500150016480618,1.0919645962669977,0.00017335301686328806,21,0.049998999959756874,0.24999499919107931,alpha_risk_turnover_penalized
2020-03-31,optimal,-0.02270324348351962,0.027805115337021902,0.0959983435239162,0.30983599455827626,0.25091869513000115,1.0926331281277815,0.00014442528266428063,21,0.04999900203808406,0.16838635062713195,alpha_risk_turnover_penalized
2020-04-30,optimal,-0.02366614633566745,0.028103288195961588,0.09790637600620083,0.3128999456794469,0.28162464544948,1.0195962945758856,0.00015122749581526117,21,0.049999000687280415,0.2316256440978311,alpha_risk_turnover_penalized
2020-05-29,optimal,-0.02261981680756458,0.02795381738298191,0.09814692840084674,0.3132841017365017,0.15001700090565256,1.0063916474268106,0.0001379350606258154,21,0.04999900002490459,0.24999499916614557,alpha_risk_turnover_penalized
2020-06-30,optimal,-0.033510932784482104,0.02755078364355012,0.11577312297085329,0.3402544973558076,0.3175154943402315,1.0651352893080033,0.00018859623429887023,22,0.04999900036431702,0.24999899972297207,alpha_risk_turnover_penalized
2020-07-31,optimal,-0.02760978453976358,0.027412327527823816,0.10568734587013551,0.3250959025735875,0.21784389102956458,1.012504348386497,0.000223366131028249,21,0.04999900052153836,0.16784888597852696,alpha_risk_turnover_penalized
2020-08-31,optimal,-0.022149280879888184,0.027370185470272018,0.09478902569939886,0.3078782644153349,0.21249534919176027,0.9734873174841814,0.00024234970569434025,22,0.049999000206873034,0.19999600024554823,alpha_risk_turnover_penalized
2020-09-30,optimal,-0.024335729805878326,0.026553166153991063,0.09772562821627219,0.31261098543760774,0.2026081856289511,0.9642547534874408,0.00025931836811757416,22,0.049999000012491114,0.21578018854463635,alpha_risk_turnover_penalized
2020-10-30,optimal,-0.021973791954798056,0.026944438308508872,0.09418372148531468,0.30689366478523905,0.18263694999744887,0.9270418231606831,0.0002096485074729231,22,0.049999000040182755,0.24999499912094358,alpha_risk_turnover_penalized
2020-11-30,optimal,-0.02852363108833988,0.026770982044550393,0.10603951797643761,0.32563709551652376,0.2274854168218221,0.9768144716382828,0.00021560005174945925,21,0.04999900145278886,0.24332374684722008,alpha_risk_turnover_penalized
2020-12-31,optimal,-0.03595242782425528,0.02755802234000315,0.12202099947487922,0.34931504329885255,0.2499949995230999,1.0636867373017627,0.00023204498845956302,21,0.049999000373347,0.2000159939783455,alpha_risk_turnover_penalized
2021-01-29,optimal,-0.032535287542948786,0.02684336413971882,0.1147573833767342,0.338758591591024,0.19999599876609464,1.023284063277503,0.00022133267082348574,21,0.04999900015373075,0.14999700040114725,alpha_risk_turnover_penalized
2021-02-26,optimal,-0.030962913288151532,0.0275033815979265,0.11093270975363284,0.33306562379452015,0.29999400143163946,1.0233750445770158,0.00017676641677222653,21,0.04999900011147487,0.15763434213462685,alpha_risk_turnover_penalized
2021-03-31,optimal,0.0011353911081791353,0.029646912189275933,0.05231237851512988,0.22871899465311113,0.2355331809237743,1.0880384270269652,0.0001697940754191803,21,0.04999900007053103,0.20763334177282733,alpha_risk_turnover_penalized
2021-04-30,optimal,0.01003125744318648,0.029795424231360213,0.03637604694633208,0.19072505589547503,0.15761433691751137,1.0625391634845975,0.000169580150645653,21,0.04999899993765576,0.19999599750483055,alpha_risk_turnover_penalized
2021-05-28,optimal,0.010457701975737824,0.028974180591822937,0.032206897595469894,0.17946280281849467,0.24130298176871312,1.0358000003022887,0.00017573030265881432,21,0.049999000028861,0.19999599889314257,alpha_risk_turnover_penalized
2021-06-30,optimal,0.013239972197190891,0.02856916015667049,0.024434377285111594,0.1563149937949383,0.3111999288836045,1.0240020947186939,0.00019592630268535431,22,0.049999001689208934,0.24999900099597241,alpha_risk_turnover_penalized
2021-07-30,optimal,0.01683710280166687,0.029442587627408746,0.022630003884137044,0.15043272211901587,0.1290482906693992,0.9847161823642049,0.0001717726211184047,22,0.04999900108306526,0.199996001162614,alpha_risk_turnover_penalized
2021-08-31,optimal,0.014500768421568104,0.030027319097940087,0.02384086078186713,0.15440485996841916,0.36061202988452695,1.0269675495722141,0.00019651993944732934,21,0.049999000276713515,0.199995999787143,alpha_risk_turnover_penalized
2021-09-30,optimal,0.01736338273777549,0.02996289311682713,0.022199080730768463,0.1489935593600222,0.1499970022416617,1.0737646913554497,0.0001985734795412167,21,0.04999899997804226,0.249994998979975,alpha_risk_turnover_penalized
2021-10-29,optimal,0.017941553384597908,0.030364072850713672,0.01832533549061368,0.13537110286399265,0.32598517123864373,1.0478954735760682,0.0002005343059952892,21,0.04999900082307117,0.24999500038040873,alpha_risk_turnover_penalized
2021-11-30,optimal,0.019498234177205483,0.030281225464653748,0.016566482481700534,0.1287108483450425,0.24997500455604693,1.0055155883730245,0.0002007704608567492,21,0.04999900057655841,0.1999960008868516,alpha_risk_turnover_penalized
2021-12-31,optimal,0.0191909529701731,0.02984738581145817,0.018489277522315512,0.13597528276240323,0.14117940792442563,1.0081402965065882,0.0001906488215130082,21,0.04999900043354513,0.24119740613438978,alpha_risk_turnover_penalized
2022-01-31,optimal,0.016391081344561128,0.029762631693064947,0.021026522461098877,0.14500524977082338,0.2858289124396721,1.0616623075834393,0.0001176945371555993,22,0.049999000121339114,0.24999900026165905,alpha_risk_turnover_penalized
2022-02-28,optimal,0.015530908099767522,0.03006880961631571,0.02310314774487179,0.1519971965033296,0.2986327625602394,1.072166667286039,0.0001109900520741197,21,0.04999900077659306,0.22162142797561651,alpha_risk_turnover_penalized
2022-03-31,optimal,0.013099870630635021,0.028580063115944163,0.022174280529276103,0.14891031035249408,0.4393052216148642,0.9807903054825775,0.00010579279796346193,23,0.04999900077331475,0.21271400460115797,alpha_risk_turnover_penalized
2022-04-29,optimal,0.013229251664634447,0.028009941215876178,0.026478157264310118,0.16272110270124807,0.15416109005756962,0.9833153887880904,0.00010589836462273254,23,0.049999001967188185,0.21958455240651745,alpha_risk_turnover_penalized
2022-05-31,optimal,0.00990694552073463,0.02756039236926034,0.03012955367770536,0.17357866711582204,0.25886700106068544,0.9392852943618603,0.0001604433891091543,22,0.04999900115773941,0.19999600198193085,alpha_risk_turnover_penalized
2022-06-30,optimal,0.006953791734289346,0.026910130400748404,0.034096173197823036,0.18465149118765067,0.2908252066557853,0.9052174066515792,0.0001266729265531117,22,0.04999900071414372,0.16958766704903716,alpha_risk_turnover_penalized
2022-07-29,optimal,0.0070695523930084814,0.027518708364821585,0.035506598580623154,0.1884319468153507,0.2695856667144976,0.8943798232116724,0.00011017502501349604,21,0.0499990006244007,0.1999960014391033,alpha_risk_turnover_penalized
2022-08-31,optimal,0.004488237789164366,0.02594014257440605,0.03790350961873997,0.19468823698092283,0.25001499616929435,0.9009240593489904,0.00012489147717299162,22,0.04999900064881239,0.19999600156759756,alpha_risk_turnover_penalized
2022-09-30,optimal,0.004563608465878965,0.027580881473123986,0.04075768914327853,0.20188533662274366,0.2638428433710492,0.8971751861955378,0.00016864066384143127,22,0.049999000385552717,0.19999600085727887,alpha_risk_turnover_penalized
2022-10-31,optimal,0.0019044660725487102,0.027059992192314572,0.04518609450129674,0.2125702107570502,0.25624788687199296,0.8924917530111182,0.00017407976762951589,22,0.04999900018121218,0.18177400154913606,alpha_risk_turnover_penalized
2022-11-30,optimal,-0.0011099395090625832,0.026428512289021853,0.05031052898250856,0.22430008689812975,0.2383187332650808,0.9044503902922,0.00016817115586338023,21,0.04999899993680995,0.14999699952205495,alpha_risk_turnover_penalized
2022-12-30,optimal,0.0006689779189598612,0.02663267153935107,0.04792706712876233,0.21892251398328663,0.20001601122449816,0.8725971351086252,0.0001588599025761192,21,0.04999899968063525,0.14999699761650537,alpha_risk_turnover_penalized
2023-01-31,optimal,0.0012104492635949854,0.026579278688217953,0.04663864352035186,0.21595981922652152,0.2049507573925119,0.8606167888088893,0.00016491829772168428,21,0.049999001991081586,0.14999700230376256,alpha_risk_turnover_penalized
2023-02-28,optimal,-0.0029419097829673562,0.02708287230045048,0.054841057800214074,0.23418167690964653,0.2604253164849586,0.9727744851959602,0.0001696641046893028,22,0.04999900046356872,0.1991165578106898,alpha_risk_turnover_penalized
2023-03-31,optimal,-0.0030487086350865856,0.026242808575624867,0.05238819140379309,0.2288846683458573,0.30974215122773996,0.9648511221747915,0.00016806920367159244,22,0.04999900008638815,0.199995997314257,alpha_risk_turnover_penalized
2023-04-28,optimal,-0.0003319154034581344,0.026428512220500893,0.05049303975109064,0.22470656365823105,0.15139077274141052,0.959736996913857,0.0001351018093985293,21,0.049999000591108615,0.19999600144499838,alpha_risk_turnover_penalized
2023-05-31,optimal,0.003958316973405459,0.027383903366012954,0.04055946352735924,0.20139380210761015,0.31458546288393985,0.9461074807370832,0.00012932694897833396,22,0.04999900034418602,0.19999600007396792,alpha_risk_turnover_penalized
2023-06-30,optimal,0.004984735096527863,0.02755315593860954,0.040857876190481,0.20213331291620637,0.21394827264702027,1.019530055760643,0.00021995766849809792,21,0.0499990009637068,0.20001599262153774,alpha_risk_turnover_penalized
2023-07-31,optimal,0.008106152704426488,0.02808091411254171,0.03498438978360782,0.18704114462761348,0.2482566473582485,0.9723578637286608,0.0001661911462986866,21,0.04999900142969144,0.19999600514325047,alpha_risk_turnover_penalized
2023-08-31,optimal,0.010116395119546767,0.02897911435093094,0.033723361604165725,0.18363921586677973,0.20010384368005035,0.9868702139093112,0.00014866001463057147,21,0.04999900060271917,0.19999600077691027,alpha_risk_turnover_penalized
2023-09-29,optimal,0.013039951207798401,0.029795628595876467,0.028511454757225784,0.1688533528160628,0.24999500075201964,0.959556986678836,0.00016474375628732497,21,0.049999000377843085,0.19999600067811496,alpha_risk_turnover_penalized
2023-10-31,optimal,0.015645821573134558,0.030007009561488572,0.022750032748617335,0.15083113985055385,0.29861716222409557,0.9437095289577333,0.00015983678706908092,21,0.04999900000695751,0.19999599948108526,alpha_risk_turnover_penalized
2023-11-30,optimal,0.015332401309148187,0.029330941905958124,0.021028021797548112,0.14501041961717134,0.348452969865391,0.9778897916781463,0.00013833722073133454,21,0.049999000362820935,0.2038603627482931,alpha_risk_turnover_penalized
2023-12-29,optimal,0.01811813692814751,0.029578495292426944,0.02015037804559411,0.14195202726834905,0.13851693416180905,1.028774548226523,0.00012538219978373898,21,0.049999000164606025,0.18989277028325655,alpha_risk_turnover_penalized
2024-01-31,optimal,0.019010662838698178,0.030213150527223745,0.01926427511117408,0.1387958036511698,0.15703501042781218,1.0432494149981215,0.00012752171841709422,21,0.04999900160538736,0.1943348284458809,alpha_risk_turnover_penalized
2024-02-29,optimal,0.01857668710816981,0.029168158756991407,0.018852056062063884,0.13730278970969192,0.11654436182814222,1.0406144880728418,0.00012719239602234023,22,0.04999900062607405,0.1705041982729826,alpha_risk_turnover_penalized
2024-03-28,optimal,0.01907068758367577,0.030431460519729968,0.017772112774418293,0.13331208787810014,0.2474716536370075,1.1194048030919814,0.00012211160588367052,22,0.0499990007037522,0.24377079663951978,alpha_risk_turnover_penalized
2024-04-30,optimal,0.018435317370547114,0.03010154107162295,0.01725855008966078,0.1313718009683234,0.30369486449795596,1.0968307865874545,0.00011587563069040741,21,0.04999900115137062,0.19999600335699122,alpha_risk_turnover_penalized
2024-05-31,optimal,0.021746463007909465,0.030611816694883616,0.01573074728884982,0.12542227588769794,0.09999800058273493,1.04563038334726,0.00011579105221080824,21,0.04999900201325747,0.19999600234785472,alpha_risk_turnover_penalized
2024-06-28,optimal,0.021971868991997396,0.02999962478835013,0.01305557148167853,0.11426097969857658,0.14999700446431993,0.9614829975822253,0.0001273709683532903,21,0.04999900156346424,0.14999700410660743,alpha_risk_turnover_penalized
2024-07-31,optimal,0.021173350277018672,0.029693344925838104,0.014040448915782742,0.1184924002448374,0.14997701899739985,0.9509776735036041,0.0001387899520360377,21,0.04999900067993805,0.19999600036293133,alpha_risk_turnover_penalized
2024-08-30,optimal,0.020119305670606914,0.030024852058727937,0.016811152716951685,0.1296578293700449,0.14999700303847438,0.9970056761081433,0.00014588389845158502,21,0.04999900024862242,0.16040375382595695,alpha_risk_turnover_penalized
2024-09-30,optimal,0.020396939179860595,0.030369414948208474,0.017944991236058094,0.1339589162245578,0.0999980135075044,1.0068123977939165,0.0001400658538463283,21,0.04999900122020001,0.14999700220728998,alpha_risk_turnover_penalized
2024-10-31,optimal,0.018524176987360513,0.029270585920337756,0.017492897732846686,0.13226071878243625,0.19999600488433797,1.0188023575128742,0.00013459069355383158,21,0.049999001256794795,0.14999700252649456,alpha_risk_turnover_penalized
2024-11-29,optimal,0.01780289483931531,0.028799629590614148,0.017931939427817244,0.13391019165028942,0.20307650290355406,1.0667712966160043,0.00012784850618075078,22,0.04999900104529871,0.2295038029291756,alpha_risk_turnover_penalized
2024-12-31,optimal,0.01897809111259367,0.03002193650913678,0.0178530940697771,0.13361547092225923,0.21172983620739272,1.0112183110660335,0.00013679702252512914,21,0.049999000687965874,0.19999600135593515,alpha_risk_turnover_penalized
2025-01-31,optimal,0.019937941494989203,0.03002376721295504,0.01589526477772198,0.1260764243533341,0.21381933296488917,0.9341415751633398,0.0001235543600823875,21,0.049999000375883375,0.14999700010818065,alpha_risk_turnover_penalized
2025-02-28,optimal,0.01888978691788661,0.029093354819309514,0.01609343891147726,0.1268599184592094,0.21568484490589232,0.9457629543776382,0.0001272278782973157,21,0.04999900001778874,0.1999959950437265,alpha_risk_turnover_penalized
2025-03-31,optimal,0.01948006792806164,0.030006701540171064,0.016783112413194988,0.12954965230827517,0.21350773879293677,0.8891759178830253,0.00011640413386037204,21,0.04999900117224448,0.24999499975504505,alpha_risk_turnover_penalized
2025-04-30,optimal,0.008152534886827104,0.027823037182051154,0.033645445524302126,0.18342694874064205,0.2847779535087638,0.9191851367387545,0.0001241384058748555,21,0.04999900024849049,0.19999599985520905,alpha_risk_turnover_penalized
2025-05-30,optimal,0.006675912775255432,0.02639252343932417,0.03517530857216984,0.1875508159730846,0.2128956376849172,0.9180800519938168,0.00014252664138100242,22,0.04999900012955122,0.19999600011340712,alpha_risk_turnover_penalized
2025-06-30,optimal,0.007031197106717008,0.026399235938574198,0.034736157591259226,0.18637638689291952,0.1999959997169207,0.9029071904505324,0.00010109839202290534,22,0.049999001574068246,0.24999500366131894,alpha_risk_turnover_penalized
2025-07-31,optimal,0.009180255936367043,0.028359107831275942,0.03150417762002266,0.1774941622139237,0.34267630925540615,0.8500000008108203,0.0001170834108828869,21,0.049999000430914,0.19999600059602293,alpha_risk_turnover_penalized
2025-08-29,optimal,0.009147789286890627,0.029004875222106926,0.03586058563401778,0.18936891411743845,0.19267931034081368,0.9503723730741728,0.00017293098299853035,21,0.04999900019228513,0.19858925829323137,alpha_risk_turnover_penalized
2025-09-30,optimal,0.009821835394835218,0.027964120162023036,0.03270098618484167,0.1808341399870104,0.17917916803877168,0.9333817605733622,0.00018486682350129217,22,0.049998999968868744,0.2499949996989193,alpha_risk_turnover_penalized
2025-10-31,optimal,0.007795839040932683,0.027592852408397872,0.03484740618396769,0.1866745997289607,0.23733102754813426,0.9485285103429338,0.00018075388305537464,23,0.049999000000000016,0.17960355764799185,alpha_risk_turnover_penalized
2025-11-28,optimal,0.008235299965521187,0.02684564419238003,0.033676550268550105,0.1835117169789169,0.17720690918129767,0.9301064477284717,0.00015764014799677688,23,0.04999900001681399,0.18972867661174314,alpha_risk_turnover_penalized
2025-12-31,optimal,0.01051520588700219,0.028673283662752423,0.03377199754080361,0.18377159067930932,0.12720790562307838,0.9406463530688168,0.00013239973913673392,21,0.04999899989026815,0.20001601468807423,alpha_risk_turnover_penalized
2026-01-30,optimal,0.009375169312344942,0.02797823245761166,0.03348414279484041,0.18298672846641204,0.18609917467485373,0.9484894964049828,0.00011970027635253951,22,0.04999899999675188,0.1999959997661373,alpha_risk_turnover_penalized
2026-02-27,optimal,0.009712761884686033,0.029041308420164343,0.035935489306371096,0.18956658277864033,0.1360801803386072,0.9746955857813918,0.00011370314605417001,21,0.04999900119582011,0.19130313041445218,alpha_risk_turnover_penalized
2026-03-31,optimal,0.012738542671475086,0.02997756112797627,0.028303899567726953,0.168237628275386,0.30870686422776505,0.8735124928786985,8.738436945629388e-05,21,0.04999900081174278,0.24999500177851025,alpha_risk_turnover_penalized
2026-04-30,optimal,0.0191627496921612,0.029591673481493046,0.014857567656096244,0.12189162258373724,0.3000139955674992,0.8880295493701796,7.605772515336343e-05,21,0.04999900051633106,0.19999600068625328,alpha_risk_turnover_penalized
2026-05-29,optimal,0.021242858979781013,0.029603895545068853,0.01372213306407533,0.11714150871520876,0.14999700323482149,0.8582504418435676,0.0001410390347520962,22,0.04999900029579387,0.20934063560391142,alpha_risk_turnover_penalized
