regime,strategy_name,start_date,end_date,trading_days,initial_capital,final_portfolio_value,total_return,cagr,annualized_volatility,sharpe_ratio,sortino_ratio,maximum_drawdown,calmar_ratio,positive_day_ratio,beta_vs_spy,annualized_alpha_vs_spy,correlation_vs_spy,tracking_error_vs_spy,information_ratio_vs_spy,benchmark_total_return,excess_total_return,benchmark_cagr,excess_cagr,total_transaction_cost,total_traded_notional,total_two_way_turnover,mean_rebalance_two_way_turnover,window_start,window_end,short_sample_warning
bear_market_2022,alpha_risk_turnover,2022-01-03,2022-12-30,251,1000000.0,945883.0698404305,-0.05411693015956953,-0.0543265700934491,0.2471264763204662,-0.10300293465749871,-0.14797836317922172,-0.20972156102658157,-0.2590414158063766,0.4581673306772908,0.9940285628073601,0.14554347636177412,0.9751359933883285,0.05478416082114643,2.6754213889954626,-0.1817539295653512,0.12763699940578166,-0.18240758767354603,0.12808101758009693,5888.569052704408,11445446.98824048,6.9250947612820095,0.5770912301068342,2022-01-03,2022-12-30,False
bear_market_2022,cvar,2022-01-03,2022-12-30,251,1000000.0,926356.5818926599,-0.0736434181073401,-0.07392569624987044,0.24939421252038194,-0.18370758950802285,-0.26105283611985075,-0.22819415460527503,-0.32395964032358937,0.46613545816733065,1.0063682707061279,0.1273053630604033,0.9782642093204263,0.05173800491915499,2.4394032686316356,-0.1817539295653512,0.1081105114580111,-0.18240758767354603,0.10848189142367559,4418.001502835424,8581820.630474333,5.252284968564041,0.43769041404700343,2022-01-03,2022-12-30,False
bear_market_2022,median_mad_de,2022-01-03,2022-12-30,251,1000000.0,942383.9889951162,-0.05761601100488378,-0.05783878698077882,0.24142416846859835,-0.1265023589935979,-0.17932379564690945,-0.20813969444478952,-0.27788446185175386,0.47410358565737054,0.9710422774612189,0.1365032753323234,0.9750861650935502,0.05401242974146899,2.619484844127728,-0.1817539295653512,0.12413791856046741,-0.18240758767354603,0.12456880069276721,6256.660337476547,12156048.760756988,7.370394816077442,0.6141995680064535,2022-01-03,2022-12-30,False
bear_market_2022,score_weighted,2022-01-03,2022-12-30,251,1000000.0,880864.8660037057,-0.11913513399629438,-0.1195801953675133,0.2658115157873121,-0.34669554967946176,-0.49190038806198766,-0.23146670566916627,-0.5166194205849562,0.44223107569721115,1.0747488975535795,0.09272851243365268,0.9802092947355017,0.055653965925653595,1.4351142281813256,-0.1817539295653512,0.0626187955690568,-0.18240758767354603,0.06282739230603274,5669.580885765636,11066976.08180255,6.45785922449649,0.5381549353747074,2022-01-03,2022-12-30,False
bear_market_2022,top_n_equal_weight,2022-01-03,2022-12-30,251,1000000.0,888724.5354518453,-0.11127546454815473,-0.11169305968177712,0.2577696079305196,-0.3310298091635076,-0.4690311600643903,-0.22702982056315413,-0.49197528062489415,0.4541832669322709,1.0439370370200451,0.0942543331631481,0.9818116813748125,0.050085209340417006,1.730970978298068,-0.1817539295653512,0.07047846501719646,-0.18240758767354603,0.07071452799176892,5227.867082420501,10181985.769364338,6.032801233623401,0.5027334361352834,2022-01-03,2022-12-30,False
covid_crash,alpha_risk_turnover,2020-02-19,2020-03-23,24,1000000.0,666376.7481810634,-0.3336232518189366,-0.9859052211492199,0.8347257949198523,-4.653388197159328,-5.351087222068387,-0.3417954255229525,-2.884489222290699,0.2916666666666667,1.0969711232881063,0.4562231738714081,0.9892551610382538,0.14220155729508635,0.5100161677662699,-0.33400343518755593,0.00038018336861933566,-0.9859894273786837,8.42062294638124e-05,262.80143343862767,514159.5726661166,0.5443341719988058,0.5443341719988058,2020-02-19,2020-03-23,True
covid_crash,cvar,2020-02-19,2020-03-23,24,1000000.0,678680.1763057932,-0.32131982369420675,-0.9829201433295078,0.7866796513173692,-4.746809757292265,-5.469270322806603,-0.32628748886586445,-3.012435894327479,0.2916666666666667,1.036810906081173,0.36826404379316,0.9921072057840228,0.10246182977869929,2.172610141657132,-0.33400343518755593,0.012683611493349178,-0.9859894273786837,0.0030692840491758355,219.09118931645415,430137.0789024847,0.45980973484703164,0.45980973484703164,2020-02-19,2020-03-23,True
covid_crash,median_mad_de,2020-02-19,2020-03-23,24,1000000.0,680465.2692064038,-0.3195347307935963,-0.9824425023065623,0.815969550699152,-4.515825826428329,-5.278130246778193,-0.32732520828353673,-3.001426341278145,0.2916666666666667,1.0742861976214346,0.565989610343483,0.991066980899499,0.12234871048995895,2.22357786633551,-0.33400343518755593,0.014468704393959642,-0.9859894273786837,0.0035469250721213985,236.80229436059946,464900.36081308784,0.4930312198100699,0.4930312198100699,2020-02-19,2020-03-23,True
covid_crash,score_weighted,2020-02-19,2020-03-23,24,1000000.0,666145.4039455352,-0.33385459605446477,-0.9859565155966566,0.8421609044133984,-4.609983822490593,-5.333554329712124,-0.3434979632110361,-2.870341664852641,0.3333333333333333,1.1079304583058993,0.5015423969931888,0.9903173532574523,0.14236900067790764,0.5231483652484317,-0.33400343518755593,0.00014883913309116092,-0.9859894273786837,3.291178202702305e-05,251.08086578898542,493018.4938019766,0.5189662467669738,0.5189662467669738,2020-02-19,2020-03-23,True
covid_crash,top_n_equal_weight,2020-02-19,2020-03-23,24,1000000.0,672003.6008572142,-0.3279963991427858,-0.9846042162663317,0.8306324282686868,-4.5772702105945875,-5.32822433482094,-0.33713492013786694,-2.920504989111453,0.3333333333333333,1.094699851033206,0.5295102317142334,0.992071881659778,0.12640564942895163,1.2246223652006578,-0.33400343518755593,0.006007036044770153,-0.9859894273786837,0.0013852111123520139,216.8860062503282,425881.3399411651,0.44996999402819504,0.44996999402819504,2020-02-19,2020-03-23,True
covid_recovery_2020_2021,alpha_risk_turnover,2020-03-24,2021-12-31,449,1000000.0,2522703.4382270724,1.5227034382270723,0.6809170619600431,0.2081047107058238,2.6010394138186173,4.305485490864127,-0.08850582658526518,7.693471585218831,0.6080178173719376,1.0282787370562647,0.07003248210386501,0.9660151671529008,0.054075388088384996,1.5347557961441414,1.1861991345067628,0.3365043037203095,0.551136111250637,0.1297809507094061,7261.657136799602,14032536.830638073,10.885318743338901,0.5183485115875668,2020-03-24,2021-12-31,False
covid_recovery_2020_2021,cvar,2020-03-24,2021-12-31,449,1000000.0,2534771.633736102,1.534771633736102,0.6854254537785047,0.20844318911707815,2.610207337713189,4.267023738592492,-0.09152435542749371,7.488995148635643,0.6035634743875279,1.019537616382529,0.07682989007155727,0.9562480128530677,0.06110107246099633,1.403967210800092,1.1861991345067628,0.3485724992293391,0.551136111250637,0.13428934252786773,6619.117925597053,12779782.03692729,9.987626362863196,0.4756012553744379,2020-03-24,2021-12-31,False
covid_recovery_2020_2021,median_mad_de,2020-03-24,2021-12-31,449,1000000.0,2491488.1068508057,1.491488106850806,0.6692116536922377,0.2061739680872404,2.589498039680914,4.327520794336562,-0.08202121397702355,8.159006935446026,0.5991091314031181,1.0153116386665633,0.06857378338699632,0.962765536843559,0.055816943575037484,1.3542670362046536,1.1861991345067628,0.30528897234404306,0.551136111250637,0.11807554244160068,8933.72377211478,17273843.553262077,13.591410353128357,0.6472100168156362,2020-03-24,2021-12-31,False
covid_recovery_2020_2021,score_weighted,2020-03-24,2021-12-31,449,1000000.0,2670564.479910126,1.670564479910126,0.7355206459435093,0.21720773733258164,2.6484077420467473,4.3573621001269895,-0.09213867945005472,7.982756539746267,0.6057906458797327,1.076170815513009,0.08204983066301792,0.9686366998142875,0.05598879179359355,2.0889647729042866,1.1861991345067628,0.4843653454033632,0.551136111250637,0.1843845346928723,7644.613983553589,14846868.310605064,11.094591254728853,0.5283138692728025,2020-03-24,2021-12-31,False
covid_recovery_2020_2021,top_n_equal_weight,2020-03-24,2021-12-31,449,1000000.0,2611494.133067454,1.6114941330674544,0.7138697805131242,0.21229795832622447,2.6454758095677784,4.371747247611405,-0.0882432665814824,8.089793229197248,0.6102449888641426,1.0567088911784712,0.0773436134941974,0.9731158467213757,0.05013683708973712,2.0610209921684737,1.1861991345067628,0.42529499856069153,0.551136111250637,0.16273366926248722,7094.172927806174,13743528.718108362,10.431568751437624,0.4967413691160773,2020-03-24,2021-12-31,False
expansion_2023_2024,alpha_risk_turnover,2023-01-03,2024-12-31,502,1000000.0,1577043.8674086214,0.5770438674086213,0.2569441992885697,0.1374083788104647,1.7335725393198473,2.6236053414834886,-0.10773997187394124,2.384854894794307,0.545816733067729,0.9663239589965127,0.009600264160915827,0.9009338543731713,0.059785116914060236,0.027320985396868083,0.5757652233478756,0.0012786440607457372,0.25643250988980104,0.0005116893987686666,11674.40432902217,22673684.284883678,11.137254088367051,0.46405225368196046,2023-01-03,2024-12-31,False
expansion_2023_2024,cvar,2023-01-03,2024-12-31,502,1000000.0,1530774.154388692,0.5307741543886919,0.23829440125406331,0.1381116125014537,1.617096061731778,2.447731939076058,-0.10944527001877669,2.1772928260232804,0.5537848605577689,0.9873218716228497,-0.010234943624808281,0.9158238237114358,0.05548667716267137,-0.23851237618350019,0.5757652233478756,-0.0449910689591837,0.25643250988980104,-0.018138108635737726,9604.483546432992,18666388.17104655,9.469297285378545,0.3945540535574394,2023-01-03,2024-12-31,False
expansion_2023_2024,median_mad_de,2023-01-03,2024-12-31,502,1000000.0,1570535.5862681034,0.5705355862681034,0.2543375516346371,0.13678113187765945,1.7256854932668377,2.6220068956556584,-0.10295928236256102,2.470273158460957,0.5517928286852589,0.9570970199469758,0.009616940930963113,0.8964233192452571,0.06086989713665246,-0.008752911755879687,0.5757652233478756,-0.005229637079772198,0.25643250988980104,-0.0020949582551639256,13470.826184412816,26141758.35218741,12.997927156516411,0.5415802981881838,2023-01-03,2024-12-31,False
expansion_2023_2024,score_weighted,2023-01-03,2024-12-31,502,1000000.0,1811916.740435639,0.8119167404356389,0.3476693096810435,0.14584309090091105,2.11978620378919,3.326271027714339,-0.11342946236866536,3.065070594719546,0.5597609561752988,1.0602660426948185,0.05832478911976086,0.9313488172217874,0.05366388571898844,1.352532847093475,0.5757652233478756,0.23615151708776327,0.25643250988980104,0.09123679979124244,13217.503763138087,25778766.19302559,11.483844907836627,0.4784935378265262,2023-01-03,2024-12-31,False
expansion_2023_2024,top_n_equal_weight,2023-01-03,2024-12-31,502,1000000.0,1741087.7931284297,0.7410877931284297,0.3209611888012316,0.14010408131352242,2.0577424934672783,3.222970154167316,-0.11402963802090849,2.8147172469527626,0.5577689243027888,1.0193827728924316,0.04713865756560164,0.9321158180931671,0.05080086329393899,1.018173991564419,0.5757652233478756,0.16532256978055404,0.25643250988980104,0.06452867891143055,11819.890209968013,22995796.767751962,10.573614684832915,0.4405672785347048,2023-01-03,2024-12-31,False
pre_covid_available,alpha_risk_turnover,2020-02-03,2020-02-18,11,1000000.0,1065224.283885548,0.0652242838855479,3.2525526899476356,0.14693194457160558,9.945820970271077,77.75973803544562,-0.0035409045842539344,918.56547177561,0.7272727272727273,1.0809519296187071,0.4632885231487563,0.71213627945794,0.10344949826440451,5.200928945511457,0.04085864726768729,0.02436563661786062,1.5028181010109467,1.7497345889366889,511.6787914729829,999488.3212085312,0.9994883212085311,0.9994883212085311,2020-02-03,2020-02-18,True
pre_covid_available,cvar,2020-02-03,2020-02-18,11,1000000.0,1055484.551709351,0.05548455170935096,2.445571606368485,0.11954661749422493,10.427462017473214,61.564292003864985,-0.003740895654110288,653.7395940679145,0.6363636363636364,1.172080083082701,0.16435658889564292,0.9490584276583297,0.041187736697304175,7.848027436248577,0.04085864726768729,0.014625904441663673,1.5028181010109467,0.9427535053575382,511.4379303115734,999488.5620696861,0.9994885620696862,0.9994885620696862,2020-02-03,2020-02-18,True
pre_covid_available,median_mad_de,2020-02-03,2020-02-18,11,1000000.0,1067728.736576073,0.06772873657607303,3.4875992227030794,0.1464165332109962,10.350014978920338,81.51613025994848,-0.0035080932529657494,994.1580714123422,0.7272727272727273,1.0095097833467022,0.5833073624894055,0.6674110134229126,0.10903874936740529,5.4300694911618805,0.04085864726768729,0.026870089308385747,1.5028181010109467,1.9847811216921327,510.22608136444455,999489.7739186401,0.9994897739186401,0.9994897739186401,2020-02-03,2020-02-18,True
pre_covid_available,score_weighted,2020-02-03,2020-02-18,11,1000000.0,1072465.4879932858,0.07246548799328578,3.966544888289498,0.14400025037538824,11.230053554200026,60.680538752981484,-0.005567903743814218,712.3946588868776,0.9090909090909091,1.18163785803154,0.5260943635243779,0.7943174545404577,0.0892299988692883,7.775470208726142,0.04085864726768729,0.031606840725598495,1.5028181010109467,2.463726787278551,511.14463963529124,999488.8553603687,0.9994888553603687,0.9994888553603687,2020-02-03,2020-02-18,True
pre_covid_available,top_n_equal_weight,2020-02-03,2020-02-18,11,1000000.0,1069627.3057706708,0.06962730577067067,3.6740092682816066,0.13697570097998216,11.35359119729891,54.58819070480973,-0.005952153963153517,617.2570956708041,0.9090909090909091,1.16784894660684,0.47686160401162286,0.8253080822035214,0.07903588558814825,7.994353230653442,0.04085864726768729,0.02876865850298338,1.5028181010109467,2.17119116727066,510.52495158750077,999489.4750484207,0.9994894750484207,0.9994894750484207,2020-02-03,2020-02-18,True
recent_2025_2026,alpha_risk_turnover,2025-01-02,2026-06-30,373,1000000.0,1289799.030278207,0.28979903027820697,0.1875968852851433,0.17711647740329953,1.0588780037433971,1.5908193531185262,-0.20378018092018213,0.9205845457494337,0.5522788203753352,0.9032047915687028,0.01497507968058278,0.9127920721478492,0.07438468364080317,-0.04730775485386545,0.2959912345594242,-0.006192204281217251,0.1914458717766636,-0.003848986491520323,13429.627034211218,25991325.484983765,8.822993890489283,0.49016632724940457,2025-01-02,2026-06-30,False
recent_2025_2026,cvar,2025-01-02,2026-06-30,373,1000000.0,1277253.528770465,0.27725352877046494,0.17978034947897492,0.18524676278709945,0.984674467258412,1.4607586389739884,-0.21341238726299694,0.8424082209315439,0.5495978552278821,0.9617378191155005,-0.0013454425418052969,0.9292887076048973,0.06876358048596184,-0.12587996264191467,0.2959912345594242,-0.01873770578895928,0.1914458717766636,-0.01166552229768869,9930.12785488012,19231483.601656947,6.855297698399834,0.38084987213332405,2025-01-02,2026-06-30,False
recent_2025_2026,median_mad_de,2025-01-02,2026-06-30,373,1000000.0,1347983.0650714836,0.3479830650714837,0.2235316900308595,0.18525419672582277,1.181342889968149,1.7622980749768347,-0.20533515879898745,1.0886186824424233,0.579088471849866,0.9768798879628066,0.03220242822058516,0.9438820039150384,0.06132607873519138,0.45307011813617903,0.2959912345594242,0.05199183051205947,0.1914458717766636,0.032085818254195875,14512.733761359244,28088127.86353965,9.3187290858279,0.5177071714348833,2025-01-02,2026-06-30,False
recent_2025_2026,score_weighted,2025-01-02,2026-06-30,373,1000000.0,1326774.103963046,0.32677410396304607,0.21049232178967614,0.18730079612611222,1.113203499706444,1.6557246218770625,-0.20727210098291193,1.0155361999588632,0.5710455764075067,0.9843257747719516,0.020434963036397056,0.9406841504468425,0.06360998334344305,0.2741737448632625,0.2959912345594242,0.03078286940362185,0.1914458717766636,0.019046450013012528,14718.979284255794,28590863.980266415,8.315524485409133,0.46197358252272963,2025-01-02,2026-06-30,False
recent_2025_2026,top_n_equal_weight,2025-01-02,2026-06-30,373,1000000.0,1308535.1419755889,0.30853514197558884,0.19922475693781516,0.18057351711230005,1.0960865468007457,1.6301990765320689,-0.20387767208643648,0.9771779072175758,0.5683646112600537,0.9522686726173621,0.015980213116894026,0.943952265060758,0.060213289451958335,0.1139364495163526,0.2959912345594242,0.012543907416164624,0.1914458717766636,0.00777888516115155,13052.141138642959,25283262.561086755,7.726766159295677,0.4292647866275376,2025-01-02,2026-06-30,False
