fold_id,test_date,model_name,alpha,l1_ratio,validation_mean_ic,validation_valid_months,selected
1,2020-01-31,elastic_net,0.0001,0.1,-0.042713085234093624,12,False
1,2020-01-31,elastic_net,0.0001,0.5,-0.02981192476990796,12,False
1,2020-01-31,elastic_net,0.0001,0.9,-0.0215766306522609,12,False
1,2020-01-31,elastic_net,0.001,0.1,-0.016182472989195673,12,False
1,2020-01-31,elastic_net,0.001,0.5,-0.004273709483793515,12,True
1,2020-01-31,elastic_net,0.001,0.9,-0.0055702280912364914,12,False
1,2020-01-31,elastic_net,0.01,0.1,-0.011108443377350933,12,False
1,2020-01-31,elastic_net,0.01,0.5,,0,False
1,2020-01-31,elastic_net,0.01,0.9,,0,False
1,2020-01-31,ridge,0.1,,-0.044057623049219695,12,False
1,2020-01-31,ridge,1.0,,-0.04286514605842337,12,False
1,2020-01-31,ridge,10.0,,-0.038879551820728296,12,False
1,2020-01-31,ridge,100.0,,-0.004193677470988387,12,True
2,2020-02-28,elastic_net,0.0001,0.1,-0.042713085234093624,12,False
2,2020-02-28,elastic_net,0.0001,0.5,-0.02981192476990796,12,False
2,2020-02-28,elastic_net,0.0001,0.9,-0.0215766306522609,12,False
2,2020-02-28,elastic_net,0.001,0.1,-0.016182472989195673,12,False
2,2020-02-28,elastic_net,0.001,0.5,-0.004273709483793515,12,True
2,2020-02-28,elastic_net,0.001,0.9,-0.0055702280912364914,12,False
2,2020-02-28,elastic_net,0.01,0.1,-0.011108443377350933,12,False
2,2020-02-28,elastic_net,0.01,0.5,,0,False
2,2020-02-28,elastic_net,0.01,0.9,,0,False
2,2020-02-28,ridge,0.1,,-0.044057623049219695,12,False
2,2020-02-28,ridge,1.0,,-0.04286514605842337,12,False
2,2020-02-28,ridge,10.0,,-0.038879551820728296,12,False
2,2020-02-28,ridge,100.0,,-0.004193677470988387,12,True
3,2020-03-31,elastic_net,0.0001,0.1,0.0010244097639055556,12,False
3,2020-03-31,elastic_net,0.0001,0.5,0.011236494597839127,12,False
3,2020-03-31,elastic_net,0.0001,0.9,0.028107242897158855,12,False
3,2020-03-31,elastic_net,0.001,0.1,0.028731492597038808,12,True
3,2020-03-31,elastic_net,0.001,0.5,0.02869147659063624,12,False
3,2020-03-31,elastic_net,0.001,0.9,0.0210484193677471,12,False
3,2020-03-31,elastic_net,0.01,0.1,0.010852340936374558,12,False
3,2020-03-31,elastic_net,0.01,0.5,,0,False
3,2020-03-31,elastic_net,0.01,0.9,,0,False
3,2020-03-31,ridge,0.1,,-0.009451780712284918,12,False
3,2020-03-31,ridge,1.0,,-0.007595038015206086,12,False
3,2020-03-31,ridge,10.0,,0.0037535014005602193,12,False
3,2020-03-31,ridge,100.0,,0.028083233293317314,12,True
4,2020-04-30,elastic_net,0.0001,0.1,0.02037615046018407,12,False
4,2020-04-30,elastic_net,0.0001,0.5,0.031068427370948375,12,False
4,2020-04-30,elastic_net,0.0001,0.9,0.04330532212885154,12,False
4,2020-04-30,elastic_net,0.001,0.1,0.043481392557022804,12,False
4,2020-04-30,elastic_net,0.001,0.5,0.04539415766306523,12,True
4,2020-04-30,elastic_net,0.001,0.9,0.02954781912765106,12,False
4,2020-04-30,elastic_net,0.01,0.1,0.029147659063625448,12,False
4,2020-04-30,elastic_net,0.01,0.5,,0,False
4,2020-04-30,elastic_net,0.01,0.9,,0,False
4,2020-04-30,ridge,0.1,,0.015542216886754697,12,False
4,2020-04-30,ridge,1.0,,0.014141656662665066,12,False
4,2020-04-30,ridge,10.0,,0.02376950780312125,12,False
4,2020-04-30,ridge,100.0,,0.04605042016806723,12,True
5,2020-05-29,elastic_net,0.0001,0.1,0.02037615046018407,12,False
5,2020-05-29,elastic_net,0.0001,0.5,0.031068427370948375,12,False
5,2020-05-29,elastic_net,0.0001,0.9,0.04330532212885154,12,False
5,2020-05-29,elastic_net,0.001,0.1,0.043481392557022804,12,False
5,2020-05-29,elastic_net,0.001,0.5,0.04539415766306523,12,True
5,2020-05-29,elastic_net,0.001,0.9,0.02954781912765106,12,False
5,2020-05-29,elastic_net,0.01,0.1,0.029147659063625448,12,False
5,2020-05-29,elastic_net,0.01,0.5,,0,False
5,2020-05-29,elastic_net,0.01,0.9,,0,False
5,2020-05-29,ridge,0.1,,0.015542216886754697,12,False
5,2020-05-29,ridge,1.0,,0.014141656662665066,12,False
5,2020-05-29,ridge,10.0,,0.02376950780312125,12,False
5,2020-05-29,ridge,100.0,,0.04605042016806723,12,True
6,2020-06-30,elastic_net,0.0001,0.1,0.02947579031612645,12,False
6,2020-06-30,elastic_net,0.0001,0.5,0.037527010804321734,12,False
6,2020-06-30,elastic_net,0.0001,0.9,0.04419367747098838,12,False
6,2020-06-30,elastic_net,0.001,0.1,0.04867547018807523,12,False
6,2020-06-30,elastic_net,0.001,0.5,0.061552621048419374,12,True
6,2020-06-30,elastic_net,0.001,0.9,0.01851940776310524,12,False
6,2020-06-30,elastic_net,0.01,0.1,0.009979991996798722,12,False
6,2020-06-30,elastic_net,0.01,0.5,,0,False
6,2020-06-30,elastic_net,0.01,0.9,,0,False
6,2020-06-30,ridge,0.1,,0.028963585434173666,12,False
6,2020-06-30,ridge,1.0,,0.02610644257703081,12,False
6,2020-06-30,ridge,10.0,,0.0345578231292517,12,False
6,2020-06-30,ridge,100.0,,0.054693877551020405,12,True
7,2020-07-31,elastic_net,0.0001,0.1,0.012597038815526212,12,False
7,2020-07-31,elastic_net,0.0001,0.5,0.02423369347739096,12,False
7,2020-07-31,elastic_net,0.0001,0.9,0.03362144857943176,12,False
7,2020-07-31,elastic_net,0.001,0.1,0.03678271308523409,12,False
7,2020-07-31,elastic_net,0.001,0.5,0.06416166466586634,12,True
7,2020-07-31,elastic_net,0.001,0.9,0.029507803121248496,12,False
7,2020-07-31,elastic_net,0.01,0.1,0.028219287715086028,12,False
7,2020-07-31,elastic_net,0.01,0.5,,0,False
7,2020-07-31,elastic_net,0.01,0.9,,0,False
7,2020-07-31,ridge,0.1,,0.009811924769907956,12,False
7,2020-07-31,ridge,1.0,,0.008875550220088027,12,False
7,2020-07-31,ridge,10.0,,0.012693077230892353,12,False
7,2020-07-31,ridge,100.0,,0.037879151660664266,12,True
8,2020-08-31,elastic_net,0.0001,0.1,-0.010052020808323327,12,False
8,2020-08-31,elastic_net,0.0001,0.5,-0.0010164065626250497,12,False
8,2020-08-31,elastic_net,0.0001,0.9,0.0031692677070828284,12,False
8,2020-08-31,elastic_net,0.001,0.1,0.00565026010404161,12,False
8,2020-08-31,elastic_net,0.001,0.5,0.012677070828331333,12,True
8,2020-08-31,elastic_net,0.001,0.9,-0.008763505402160867,12,False
8,2020-08-31,elastic_net,0.01,0.1,-0.005506202480992397,12,False
8,2020-08-31,elastic_net,0.01,0.5,,0,False
8,2020-08-31,elastic_net,0.01,0.9,,0,False
8,2020-08-31,ridge,0.1,,-0.015438175270108044,12,False
8,2020-08-31,ridge,1.0,,-0.012781112444977994,12,False
8,2020-08-31,ridge,10.0,,-0.008051220488195277,12,False
8,2020-08-31,ridge,100.0,,0.013749499799919974,12,True
9,2020-09-30,elastic_net,0.0001,0.1,0.016382553021208474,12,False
9,2020-09-30,elastic_net,0.0001,0.5,0.03448579431772709,12,False
9,2020-09-30,elastic_net,0.0001,0.9,0.037174869947979194,12,False
9,2020-09-30,elastic_net,0.001,0.1,0.04034413765506203,12,False
9,2020-09-30,elastic_net,0.001,0.5,0.05484593837535013,12,True
9,2020-09-30,elastic_net,0.001,0.9,0.021176470588235293,12,False
9,2020-09-30,elastic_net,0.01,0.1,0.014501800720288107,12,False
9,2020-09-30,elastic_net,0.01,0.5,,0,False
9,2020-09-30,elastic_net,0.01,0.9,,0,False
9,2020-09-30,ridge,0.1,,0.008939575830332136,12,False
9,2020-09-30,ridge,1.0,,0.01202080832332933,12,False
9,2020-09-30,ridge,10.0,,0.023777511004401758,12,False
9,2020-09-30,ridge,100.0,,0.04304921968787515,12,True
10,2020-10-30,elastic_net,0.0001,0.1,0.03588635454181672,12,False
10,2020-10-30,elastic_net,0.0001,0.5,0.04986794717887153,12,False
10,2020-10-30,elastic_net,0.0001,0.9,0.0647218887555022,12,False
10,2020-10-30,elastic_net,0.001,0.1,0.06655462184873949,12,False
10,2020-10-30,elastic_net,0.001,0.5,0.08336934773909561,12,True
10,2020-10-30,elastic_net,0.001,0.9,0.06340136054421769,12,False
10,2020-10-30,elastic_net,0.01,0.1,0.06505802320928371,12,False
10,2020-10-30,elastic_net,0.01,0.5,,0,False
10,2020-10-30,elastic_net,0.01,0.9,,0,False
10,2020-10-30,ridge,0.1,,0.023025210084033607,12,False
10,2020-10-30,ridge,1.0,,0.028651460584233693,12,False
10,2020-10-30,ridge,10.0,,0.042056822729091635,12,False
10,2020-10-30,ridge,100.0,,0.0602641056422569,12,True
11,2020-11-30,elastic_net,0.0001,0.1,0.03588635454181672,12,False
11,2020-11-30,elastic_net,0.0001,0.5,0.04986794717887153,12,False
11,2020-11-30,elastic_net,0.0001,0.9,0.0647218887555022,12,False
11,2020-11-30,elastic_net,0.001,0.1,0.06655462184873949,12,False
11,2020-11-30,elastic_net,0.001,0.5,0.08336934773909561,12,True
11,2020-11-30,elastic_net,0.001,0.9,0.06340136054421769,12,False
11,2020-11-30,elastic_net,0.01,0.1,0.06505802320928371,12,False
11,2020-11-30,elastic_net,0.01,0.5,,0,False
11,2020-11-30,elastic_net,0.01,0.9,,0,False
11,2020-11-30,ridge,0.1,,0.023025210084033607,12,False
11,2020-11-30,ridge,1.0,,0.028651460584233693,12,False
11,2020-11-30,ridge,10.0,,0.042056822729091635,12,False
11,2020-11-30,ridge,100.0,,0.0602641056422569,12,True
12,2020-12-31,elastic_net,0.0001,0.1,0.0025850340136054344,12,False
12,2020-12-31,elastic_net,0.0001,0.5,0.01712685074029611,12,False
12,2020-12-31,elastic_net,0.0001,0.9,0.02178471388555422,12,False
12,2020-12-31,elastic_net,0.001,0.1,0.026970788315326122,12,False
12,2020-12-31,elastic_net,0.001,0.5,0.06620248099239696,12,False
12,2020-12-31,elastic_net,0.001,0.9,0.07142857142857141,12,False
12,2020-12-31,elastic_net,0.01,0.1,0.07740696278511404,12,True
12,2020-12-31,elastic_net,0.01,0.5,,0,False
12,2020-12-31,elastic_net,0.01,0.9,,0,False
12,2020-12-31,ridge,0.1,,0.0022889155662264883,12,False
12,2020-12-31,ridge,1.0,,0.003905562224889948,12,False
12,2020-12-31,ridge,10.0,,0.007114845938375354,12,False
12,2020-12-31,ridge,100.0,,0.02877951180472189,12,True
13,2021-01-29,elastic_net,0.0001,0.1,0.0025850340136054344,12,False
13,2021-01-29,elastic_net,0.0001,0.5,0.01712685074029611,12,False
13,2021-01-29,elastic_net,0.0001,0.9,0.02178471388555422,12,False
13,2021-01-29,elastic_net,0.001,0.1,0.026970788315326122,12,False
13,2021-01-29,elastic_net,0.001,0.5,0.06620248099239696,12,False
13,2021-01-29,elastic_net,0.001,0.9,0.07142857142857141,12,False
13,2021-01-29,elastic_net,0.01,0.1,0.07740696278511404,12,True
13,2021-01-29,elastic_net,0.01,0.5,,0,False
13,2021-01-29,elastic_net,0.01,0.9,,0,False
13,2021-01-29,ridge,0.1,,0.0022889155662264883,12,False
13,2021-01-29,ridge,1.0,,0.003905562224889948,12,False
13,2021-01-29,ridge,10.0,,0.007114845938375354,12,False
13,2021-01-29,ridge,100.0,,0.02877951180472189,12,True
14,2021-02-26,elastic_net,0.0001,0.1,0.05565426170468186,12,False
14,2021-02-26,elastic_net,0.0001,0.5,0.06073629451780713,12,False
14,2021-02-26,elastic_net,0.0001,0.9,0.0607282913165266,12,False
14,2021-02-26,elastic_net,0.001,0.1,0.06294517807122849,12,False
14,2021-02-26,elastic_net,0.001,0.5,0.09272509003601441,12,False
14,2021-02-26,elastic_net,0.001,0.9,0.09222889155662263,12,False
14,2021-02-26,elastic_net,0.01,0.1,0.10196078431372547,12,True
14,2021-02-26,elastic_net,0.01,0.5,,0,False
14,2021-02-26,elastic_net,0.01,0.9,,0,False
14,2021-02-26,ridge,0.1,,0.05914365746298517,12,False
14,2021-02-26,ridge,1.0,,0.05645458183273308,12,False
14,2021-02-26,ridge,10.0,,0.05715886354541816,12,False
14,2021-02-26,ridge,100.0,,0.0697078831532613,12,True
15,2021-03-31,elastic_net,0.0001,0.1,0.03488595438175269,12,True
15,2021-03-31,elastic_net,0.0001,0.5,0.030284113645458178,12,False
15,2021-03-31,elastic_net,0.0001,0.9,0.03212484993997598,12,False
15,2021-03-31,elastic_net,0.001,0.1,0.0327891156462585,12,False
15,2021-03-31,elastic_net,0.001,0.5,0.027074829931972782,12,False
15,2021-03-31,elastic_net,0.001,0.9,0.02287314925970388,12,False
15,2021-03-31,elastic_net,0.01,0.1,0.029579831932773096,12,False
15,2021-03-31,elastic_net,0.01,0.5,,0,False
15,2021-03-31,elastic_net,0.01,0.9,,0,False
15,2021-03-31,ridge,0.1,,0.03732693077230891,12,True
15,2021-03-31,ridge,1.0,,0.037270908363345345,12,False
15,2021-03-31,ridge,10.0,,0.03034813925570228,12,False
15,2021-03-31,ridge,100.0,,0.028419367747098825,12,False
16,2021-04-30,elastic_net,0.0001,0.1,0.027394957983193278,12,False
16,2021-04-30,elastic_net,0.0001,0.5,0.030924369747899152,12,False
16,2021-04-30,elastic_net,0.0001,0.9,0.02424969987995196,12,False
16,2021-04-30,elastic_net,0.001,0.1,0.023025210084033604,12,False
16,2021-04-30,elastic_net,0.001,0.5,0.03138855542216886,12,True
16,2021-04-30,elastic_net,0.001,0.9,0.02721088435374151,12,False
16,2021-04-30,elastic_net,0.01,0.1,0.02642657062825131,12,False
16,2021-04-30,elastic_net,0.01,0.5,,0,False
16,2021-04-30,elastic_net,0.01,0.9,,0,False
16,2021-04-30,ridge,0.1,,0.025114045618247278,12,False
16,2021-04-30,ridge,1.0,,0.02677070828331332,12,False
16,2021-04-30,ridge,10.0,,0.027354941976790722,12,False
16,2021-04-30,ridge,100.0,,0.030740296118447388,12,True
17,2021-05-28,elastic_net,0.0001,0.1,0.027394957983193278,12,False
17,2021-05-28,elastic_net,0.0001,0.5,0.030924369747899152,12,False
17,2021-05-28,elastic_net,0.0001,0.9,0.02424969987995196,12,False
17,2021-05-28,elastic_net,0.001,0.1,0.023025210084033604,12,False
17,2021-05-28,elastic_net,0.001,0.5,0.03138855542216886,12,True
17,2021-05-28,elastic_net,0.001,0.9,0.02721088435374151,12,False
17,2021-05-28,elastic_net,0.01,0.1,0.02642657062825131,12,False
17,2021-05-28,elastic_net,0.01,0.5,,0,False
17,2021-05-28,elastic_net,0.01,0.9,,0,False
17,2021-05-28,ridge,0.1,,0.025114045618247278,12,False
17,2021-05-28,ridge,1.0,,0.02677070828331332,12,False
17,2021-05-28,ridge,10.0,,0.027354941976790722,12,False
17,2021-05-28,ridge,100.0,,0.030740296118447388,12,True
18,2021-06-30,elastic_net,0.0001,0.1,0.020248099239695883,12,False
18,2021-06-30,elastic_net,0.0001,0.5,0.026426570628251298,12,True
18,2021-06-30,elastic_net,0.0001,0.9,0.02372148859543817,12,False
18,2021-06-30,elastic_net,0.001,0.1,0.0254421768707483,12,False
18,2021-06-30,elastic_net,0.001,0.5,0.013949579831932776,12,False
18,2021-06-30,elastic_net,0.001,0.9,0.010596238495398156,12,False
18,2021-06-30,elastic_net,0.01,0.1,0.0143657462985194,12,False
18,2021-06-30,elastic_net,0.01,0.5,,0,False
18,2021-06-30,elastic_net,0.01,0.9,,0,False
18,2021-06-30,ridge,0.1,,0.017607042817126852,12,False
18,2021-06-30,ridge,1.0,,0.018959583833533418,12,False
18,2021-06-30,ridge,10.0,,0.021128451380552218,12,False
18,2021-06-30,ridge,100.0,,0.030084033613445374,12,True
19,2021-07-30,elastic_net,0.0001,0.1,0.03520608243297319,12,False
19,2021-07-30,elastic_net,0.0001,0.5,0.03828731492597038,12,True
19,2021-07-30,elastic_net,0.0001,0.9,0.03347739095638256,12,False
19,2021-07-30,elastic_net,0.001,0.1,0.030820328131252503,12,False
19,2021-07-30,elastic_net,0.001,0.5,0.003897559023609444,12,False
19,2021-07-30,elastic_net,0.001,0.9,-0.0009843937575029968,12,False
19,2021-07-30,elastic_net,0.01,0.1,-0.0012484993997599024,12,False
19,2021-07-30,elastic_net,0.01,0.5,,0,False
19,2021-07-30,elastic_net,0.01,0.9,,0,False
19,2021-07-30,ridge,0.1,,0.03740696278511404,12,False
19,2021-07-30,ridge,1.0,,0.03792717086834734,12,True
19,2021-07-30,ridge,10.0,,0.036814725890356136,12,False
19,2021-07-30,ridge,100.0,,0.03615046018407362,12,False
20,2021-08-31,elastic_net,0.0001,0.1,0.04238495398159262,12,False
20,2021-08-31,elastic_net,0.0001,0.5,0.04585834333733493,12,False
20,2021-08-31,elastic_net,0.0001,0.9,0.048347338935574226,12,True
20,2021-08-31,elastic_net,0.001,0.1,0.04717887154861944,12,False
20,2021-08-31,elastic_net,0.001,0.5,0.030404161664665853,12,False
20,2021-08-31,elastic_net,0.001,0.9,0.03319727891156461,12,False
20,2021-08-31,elastic_net,0.01,0.1,0.03726290516206482,12,False
20,2021-08-31,elastic_net,0.01,0.5,,0,False
20,2021-08-31,elastic_net,0.01,0.9,,0,False
20,2021-08-31,ridge,0.1,,0.042881152460984395,12,False
20,2021-08-31,ridge,1.0,,0.04293717486994797,12,False
20,2021-08-31,ridge,10.0,,0.04567426970788316,12,True
20,2021-08-31,ridge,100.0,,0.04247298919567827,12,False
21,2021-09-30,elastic_net,0.0001,0.1,0.022777110844337724,12,False
21,2021-09-30,elastic_net,0.0001,0.5,0.029235694277711093,12,True
21,2021-09-30,elastic_net,0.0001,0.9,0.024745898359343727,12,False
21,2021-09-30,elastic_net,0.001,0.1,0.02257703081232493,12,False
21,2021-09-30,elastic_net,0.001,0.5,0.0028331332533013307,12,False
21,2021-09-30,elastic_net,0.001,0.9,-0.003169267707082833,12,False
21,2021-09-30,elastic_net,0.01,0.1,-0.0033773509403761497,12,False
21,2021-09-30,elastic_net,0.01,0.5,,0,False
21,2021-09-30,elastic_net,0.01,0.9,,0,False
21,2021-09-30,ridge,0.1,,0.022905162064825933,12,False
21,2021-09-30,ridge,1.0,,0.02420168067226891,12,False
21,2021-09-30,ridge,10.0,,0.02434573829531812,12,False
21,2021-09-30,ridge,100.0,,0.02787515006002401,12,True
22,2021-10-29,elastic_net,0.0001,0.1,0.03193277310924368,12,False
22,2021-10-29,elastic_net,0.0001,0.5,0.03478191276510604,12,False
22,2021-10-29,elastic_net,0.0001,0.9,0.03730292116846738,12,True
22,2021-10-29,elastic_net,0.001,0.1,0.037246898759503794,12,False
22,2021-10-29,elastic_net,0.001,0.5,0.013669467787114859,12,False
22,2021-10-29,elastic_net,0.001,0.9,0.008211284513805544,12,False
22,2021-10-29,elastic_net,0.01,0.1,0.0071868747498999574,12,False
22,2021-10-29,elastic_net,0.01,0.5,,0,False
22,2021-10-29,elastic_net,0.01,0.9,,0,False
22,2021-10-29,ridge,0.1,,0.03313325330132054,12,False
22,2021-10-29,ridge,1.0,,0.034397759103641457,12,False
22,2021-10-29,ridge,10.0,,0.034621848739495795,12,False
22,2021-10-29,ridge,100.0,,0.039367747098839535,12,True
23,2021-11-30,elastic_net,0.0001,0.1,0.10867547018807523,12,False
23,2021-11-30,elastic_net,0.0001,0.5,0.11422168867547018,12,False
23,2021-11-30,elastic_net,0.0001,0.9,0.11015606242497,12,False
23,2021-11-30,elastic_net,0.001,0.1,0.10777911164465785,12,False
23,2021-11-30,elastic_net,0.001,0.5,0.11662264905962384,12,False
23,2021-11-30,elastic_net,0.001,0.9,0.11760704281712685,12,True
23,2021-11-30,elastic_net,0.01,0.1,0.11000400160064026,12,False
23,2021-11-30,elastic_net,0.01,0.5,0.03572629051620648,12,False
23,2021-11-30,elastic_net,0.01,0.9,,0,False
23,2021-11-30,ridge,0.1,,0.10947579031612643,12,False
23,2021-11-30,ridge,1.0,,0.10851540616246497,12,False
23,2021-11-30,ridge,10.0,,0.10956382553021206,12,True
23,2021-11-30,ridge,100.0,,0.10703481392557024,12,False
24,2021-12-31,elastic_net,0.0001,0.1,0.09508603441376551,12,True
24,2021-12-31,elastic_net,0.0001,0.5,0.09054821928771507,12,False
24,2021-12-31,elastic_net,0.0001,0.9,0.08873149259703879,12,False
24,2021-12-31,elastic_net,0.001,0.1,0.08629051620648259,12,False
24,2021-12-31,elastic_net,0.001,0.5,0.09144457783113245,12,False
24,2021-12-31,elastic_net,0.001,0.9,0.07714285714285715,12,False
24,2021-12-31,elastic_net,0.01,0.1,0.07520608243297319,12,False
24,2021-12-31,elastic_net,0.01,0.5,-0.004425770308123254,12,False
24,2021-12-31,elastic_net,0.01,0.9,,0,False
24,2021-12-31,ridge,0.1,,0.09286114445778311,12,False
24,2021-12-31,ridge,1.0,,0.09277310924369747,12,False
24,2021-12-31,ridge,10.0,,0.09447779111644655,12,True
24,2021-12-31,ridge,100.0,,0.08777911164465785,12,False
25,2022-01-31,elastic_net,0.0001,0.1,0.09508603441376551,12,True
25,2022-01-31,elastic_net,0.0001,0.5,0.09054821928771507,12,False
25,2022-01-31,elastic_net,0.0001,0.9,0.08873149259703879,12,False
25,2022-01-31,elastic_net,0.001,0.1,0.08629051620648259,12,False
25,2022-01-31,elastic_net,0.001,0.5,0.09144457783113245,12,False
25,2022-01-31,elastic_net,0.001,0.9,0.07714285714285715,12,False
25,2022-01-31,elastic_net,0.01,0.1,0.07520608243297319,12,False
25,2022-01-31,elastic_net,0.01,0.5,-0.004425770308123254,12,False
25,2022-01-31,elastic_net,0.01,0.9,,0,False
25,2022-01-31,ridge,0.1,,0.09286114445778311,12,False
25,2022-01-31,ridge,1.0,,0.09277310924369747,12,False
25,2022-01-31,ridge,10.0,,0.09447779111644655,12,True
25,2022-01-31,ridge,100.0,,0.08777911164465785,12,False
26,2022-02-28,elastic_net,0.0001,0.1,0.06497799119647858,12,False
26,2022-02-28,elastic_net,0.0001,0.5,0.06870748299319726,12,True
26,2022-02-28,elastic_net,0.0001,0.9,0.06536214485794319,12,False
26,2022-02-28,elastic_net,0.001,0.1,0.06469787915166066,12,False
26,2022-02-28,elastic_net,0.001,0.5,0.060328131252501006,12,False
26,2022-02-28,elastic_net,0.001,0.9,0.04994797919167666,12,False
26,2022-02-28,elastic_net,0.01,0.1,0.04504201680672271,12,False
26,2022-02-28,elastic_net,0.01,0.5,-0.010076030412164873,12,False
26,2022-02-28,elastic_net,0.01,0.9,,0,False
26,2022-02-28,ridge,0.1,,0.0677390956382553,12,False
26,2022-02-28,ridge,1.0,,0.0682673069227691,12,False
26,2022-02-28,ridge,10.0,,0.06838735494197679,12,True
26,2022-02-28,ridge,100.0,,0.05663865546218486,12,False
27,2022-03-31,elastic_net,0.0001,0.1,0.05699879951980791,12,False
27,2022-03-31,elastic_net,0.0001,0.5,0.057535014005602216,12,False
27,2022-03-31,elastic_net,0.0001,0.9,0.055718287314925945,12,False
27,2022-03-31,elastic_net,0.001,0.1,0.05603841536614645,12,False
27,2022-03-31,elastic_net,0.001,0.5,0.0586954781912765,12,True
27,2022-03-31,elastic_net,0.001,0.9,0.04668267306922768,12,False
27,2022-03-31,elastic_net,0.01,0.1,0.03805522208883553,12,False
27,2022-03-31,elastic_net,0.01,0.5,,0,False
27,2022-03-31,elastic_net,0.01,0.9,,0,False
27,2022-03-31,ridge,0.1,,0.05635854341736693,12,False
27,2022-03-31,ridge,1.0,,0.05523009203681475,12,False
27,2022-03-31,ridge,10.0,,0.05690276110444176,12,True
27,2022-03-31,ridge,100.0,,0.05395758303321329,12,False
28,2022-04-29,elastic_net,0.0001,0.1,0.05699879951980791,12,False
28,2022-04-29,elastic_net,0.0001,0.5,0.057535014005602216,12,False
28,2022-04-29,elastic_net,0.0001,0.9,0.055718287314925945,12,False
28,2022-04-29,elastic_net,0.001,0.1,0.05603841536614645,12,False
28,2022-04-29,elastic_net,0.001,0.5,0.0586954781912765,12,True
28,2022-04-29,elastic_net,0.001,0.9,0.04668267306922768,12,False
28,2022-04-29,elastic_net,0.01,0.1,0.03805522208883553,12,False
28,2022-04-29,elastic_net,0.01,0.5,,0,False
28,2022-04-29,elastic_net,0.01,0.9,,0,False
28,2022-04-29,ridge,0.1,,0.05635854341736693,12,False
28,2022-04-29,ridge,1.0,,0.05523009203681475,12,False
28,2022-04-29,ridge,10.0,,0.05690276110444176,12,True
28,2022-04-29,ridge,100.0,,0.05395758303321329,12,False
29,2022-05-31,elastic_net,0.0001,0.1,0.02148859543817527,12,True
29,2022-05-31,elastic_net,0.0001,0.5,0.013909563825530212,12,False
29,2022-05-31,elastic_net,0.0001,0.9,0.014165666266506604,12,False
29,2022-05-31,elastic_net,0.001,0.1,0.012613045218087239,12,False
29,2022-05-31,elastic_net,0.001,0.5,-0.009307723089235697,12,False
29,2022-05-31,elastic_net,0.001,0.9,-0.02124049619847938,12,False
29,2022-05-31,elastic_net,0.01,0.1,-0.023529411764705882,12,False
29,2022-05-31,elastic_net,0.01,0.5,,0,False
29,2022-05-31,elastic_net,0.01,0.9,,0,False
29,2022-05-31,ridge,0.1,,0.02447378951580631,12,False
29,2022-05-31,ridge,1.0,,0.02499399759903961,12,True
29,2022-05-31,ridge,10.0,,0.021216486594637846,12,False
29,2022-05-31,ridge,100.0,,0.011988795518207274,12,False
30,2022-06-30,elastic_net,0.0001,0.1,0.010644257703081214,12,True
30,2022-06-30,elastic_net,0.0001,0.5,0.0049779911964785845,12,False
30,2022-06-30,elastic_net,0.0001,0.9,0.003737494997999212,12,False
30,2022-06-30,elastic_net,0.001,0.1,-0.0017607042817126912,12,False
30,2022-06-30,elastic_net,0.001,0.5,-0.013765506202480992,12,False
30,2022-06-30,elastic_net,0.001,0.9,-0.021008403361344522,12,False
30,2022-06-30,elastic_net,0.01,0.1,-0.016974789915966387,12,False
30,2022-06-30,elastic_net,0.01,0.5,,0,False
30,2022-06-30,elastic_net,0.01,0.9,,0,False
30,2022-06-30,ridge,0.1,,0.011404561824729887,12,True
30,2022-06-30,ridge,1.0,,0.00921168467386955,12,False
30,2022-06-30,ridge,10.0,,0.007691076430572231,12,False
30,2022-06-30,ridge,100.0,,-0.003713485394157672,12,False
31,2022-07-29,elastic_net,0.0001,0.1,0.010644257703081214,12,True
31,2022-07-29,elastic_net,0.0001,0.5,0.0049779911964785845,12,False
31,2022-07-29,elastic_net,0.0001,0.9,0.003737494997999212,12,False
31,2022-07-29,elastic_net,0.001,0.1,-0.0017607042817126912,12,False
31,2022-07-29,elastic_net,0.001,0.5,-0.013765506202480992,12,False
31,2022-07-29,elastic_net,0.001,0.9,-0.021008403361344522,12,False
31,2022-07-29,elastic_net,0.01,0.1,-0.016974789915966387,12,False
31,2022-07-29,elastic_net,0.01,0.5,,0,False
31,2022-07-29,elastic_net,0.01,0.9,,0,False
31,2022-07-29,ridge,0.1,,0.011404561824729887,12,True
31,2022-07-29,ridge,1.0,,0.00921168467386955,12,False
31,2022-07-29,ridge,10.0,,0.007691076430572231,12,False
31,2022-07-29,ridge,100.0,,-0.003713485394157672,12,False
32,2022-08-31,elastic_net,0.0001,0.1,-0.02567426970788315,12,True
32,2022-08-31,elastic_net,0.0001,0.5,-0.031220488195278114,12,False
32,2022-08-31,elastic_net,0.0001,0.9,-0.03398159263705481,12,False
32,2022-08-31,elastic_net,0.001,0.1,-0.03222889155662264,12,False
32,2022-08-31,elastic_net,0.001,0.5,-0.06279311724689875,12,False
32,2022-08-31,elastic_net,0.001,0.9,-0.0611204481792717,12,False
32,2022-08-31,elastic_net,0.01,0.1,-0.05614245698279313,12,False
32,2022-08-31,elastic_net,0.01,0.5,,0,False
32,2022-08-31,elastic_net,0.01,0.9,,0,False
32,2022-08-31,ridge,0.1,,-0.02031212484993998,12,True
32,2022-08-31,ridge,1.0,,-0.02166466586634655,12,False
32,2022-08-31,ridge,10.0,,-0.026058423369347734,12,False
32,2022-08-31,ridge,100.0,,-0.03794317727090837,12,False
33,2022-09-30,elastic_net,0.0001,0.1,-0.045218087234893956,12,False
33,2022-09-30,elastic_net,0.0001,0.5,-0.048883553421368554,12,False
33,2022-09-30,elastic_net,0.0001,0.9,-0.044041616646658656,12,False
33,2022-09-30,elastic_net,0.001,0.1,-0.04329731892757102,12,True
33,2022-09-30,elastic_net,0.001,0.5,-0.0550860344137655,12,False
33,2022-09-30,elastic_net,0.001,0.9,-0.0496358543417367,12,False
33,2022-09-30,elastic_net,0.01,0.1,-0.045082032813125256,12,False
33,2022-09-30,elastic_net,0.01,0.5,,0,False
33,2022-09-30,elastic_net,0.01,0.9,,0,False
33,2022-09-30,ridge,0.1,,-0.036918767507002806,12,True
33,2022-09-30,ridge,1.0,,-0.03826330532212886,12,False
33,2022-09-30,ridge,10.0,,-0.04618647458983593,12,False
33,2022-09-30,ridge,100.0,,-0.04619447779111644,12,False
34,2022-10-31,elastic_net,0.0001,0.1,-0.06906762705082033,12,False
34,2022-10-31,elastic_net,0.0001,0.5,-0.07238095238095237,12,False
34,2022-10-31,elastic_net,0.0001,0.9,-0.07268507402961186,12,False
34,2022-10-31,elastic_net,0.001,0.1,-0.07055622248899561,12,False
34,2022-10-31,elastic_net,0.001,0.5,-0.09202881152460984,12,False
34,2022-10-31,elastic_net,0.001,0.9,-0.09400560224089634,12,False
34,2022-10-31,elastic_net,0.01,0.1,-0.08617847138855543,12,False
34,2022-10-31,elastic_net,0.01,0.5,-0.0332533013205282,12,True
34,2022-10-31,elastic_net,0.01,0.9,,0,False
34,2022-10-31,ridge,0.1,,-0.0643297318927571,12,False
34,2022-10-31,ridge,1.0,,-0.06379351740696278,12,True
34,2022-10-31,ridge,10.0,,-0.07222889155662267,12,False
34,2022-10-31,ridge,100.0,,-0.07640656262505002,12,False
35,2022-11-30,elastic_net,0.0001,0.1,-0.05191676670668266,12,False
35,2022-11-30,elastic_net,0.0001,0.5,-0.054077631052420964,12,False
35,2022-11-30,elastic_net,0.0001,0.9,-0.05589435774309723,12,False
35,2022-11-30,elastic_net,0.001,0.1,-0.0554701880752301,12,False
35,2022-11-30,elastic_net,0.001,0.5,-0.07613445378151261,12,False
35,2022-11-30,elastic_net,0.001,0.9,-0.08017607042817126,12,False
35,2022-11-30,elastic_net,0.01,0.1,-0.07334933973589437,12,False
35,2022-11-30,elastic_net,0.01,0.5,-0.014173669467787114,12,True
35,2022-11-30,elastic_net,0.01,0.9,,0,False
35,2022-11-30,ridge,0.1,,-0.0476750700280112,12,True
35,2022-11-30,ridge,1.0,,-0.047787114845938373,12,False
35,2022-11-30,ridge,10.0,,-0.05338935574229691,12,False
35,2022-11-30,ridge,100.0,,-0.06008003201280512,12,False
36,2022-12-30,elastic_net,0.0001,0.1,-0.0343577430972389,12,True
36,2022-12-30,elastic_net,0.0001,0.5,-0.03732693077230891,12,False
36,2022-12-30,elastic_net,0.0001,0.9,-0.0394717887154862,12,False
36,2022-12-30,elastic_net,0.001,0.1,-0.03875150060024009,12,False
36,2022-12-30,elastic_net,0.001,0.5,-0.06359343737494998,12,False
36,2022-12-30,elastic_net,0.001,0.9,-0.061840736294517785,12,False
36,2022-12-30,elastic_net,0.01,0.1,-0.062144857943177256,12,False
36,2022-12-30,elastic_net,0.01,0.5,,0,False
36,2022-12-30,elastic_net,0.01,0.9,,0,False
36,2022-12-30,ridge,0.1,,-0.03134853941576631,12,True
36,2022-12-30,ridge,1.0,,-0.03343737494997999,12,False
36,2022-12-30,ridge,10.0,,-0.034293717486994786,12,False
36,2022-12-30,ridge,100.0,,-0.033765506202480984,12,False
37,2023-01-31,elastic_net,0.0001,0.1,-0.0343577430972389,12,True
37,2023-01-31,elastic_net,0.0001,0.5,-0.03732693077230891,12,False
37,2023-01-31,elastic_net,0.0001,0.9,-0.0394717887154862,12,False
37,2023-01-31,elastic_net,0.001,0.1,-0.03875150060024009,12,False
37,2023-01-31,elastic_net,0.001,0.5,-0.06359343737494998,12,False
37,2023-01-31,elastic_net,0.001,0.9,-0.061840736294517785,12,False
37,2023-01-31,elastic_net,0.01,0.1,-0.062144857943177256,12,False
37,2023-01-31,elastic_net,0.01,0.5,,0,False
37,2023-01-31,elastic_net,0.01,0.9,,0,False
37,2023-01-31,ridge,0.1,,-0.03134853941576631,12,True
37,2023-01-31,ridge,1.0,,-0.03343737494997999,12,False
37,2023-01-31,ridge,10.0,,-0.034293717486994786,12,False
37,2023-01-31,ridge,100.0,,-0.033765506202480984,12,False
38,2023-02-28,elastic_net,0.0001,0.1,0.005890356142456983,12,False
38,2023-02-28,elastic_net,0.0001,0.5,0.009075630252100831,12,False
38,2023-02-28,elastic_net,0.0001,0.9,0.010628251300520197,12,False
38,2023-02-28,elastic_net,0.001,0.1,0.01103641456582633,12,True
38,2023-02-28,elastic_net,0.001,0.5,0.005394157663065224,12,False
38,2023-02-28,elastic_net,0.001,0.9,-0.002112845138055227,12,False
38,2023-02-28,elastic_net,0.01,0.1,-0.00017607042817127197,12,False
38,2023-02-28,elastic_net,0.01,0.5,,0,False
38,2023-02-28,elastic_net,0.01,0.9,,0,False
38,2023-02-28,ridge,0.1,,0.0034093637454981987,12,False
38,2023-02-28,ridge,1.0,,0.00533813525410164,12,False
38,2023-02-28,ridge,10.0,,0.006434573829531804,12,False
38,2023-02-28,ridge,100.0,,0.01134853941576631,12,True
39,2023-03-31,elastic_net,0.0001,0.1,0.013997599039615838,12,False
39,2023-03-31,elastic_net,0.0001,0.5,0.019399759903961575,12,True
39,2023-03-31,elastic_net,0.0001,0.9,0.019127651060424165,12,False
39,2023-03-31,elastic_net,0.001,0.1,0.018687474989995994,12,False
39,2023-03-31,elastic_net,0.001,0.5,0.012557022809123644,12,False
39,2023-03-31,elastic_net,0.001,0.9,-0.005474189675870343,12,False
39,2023-03-31,elastic_net,0.01,0.1,-0.007667066826730692,12,False
39,2023-03-31,elastic_net,0.01,0.5,,0,False
39,2023-03-31,elastic_net,0.01,0.9,,0,False
39,2023-03-31,ridge,0.1,,0.015062024809923968,12,False
39,2023-03-31,ridge,1.0,,0.013213285314125647,12,False
39,2023-03-31,ridge,10.0,,0.017639055622248902,12,False
39,2023-03-31,ridge,100.0,,0.019719887955182067,12,True
40,2023-04-28,elastic_net,0.0001,0.1,0.013997599039615838,12,False
40,2023-04-28,elastic_net,0.0001,0.5,0.019399759903961575,12,True
40,2023-04-28,elastic_net,0.0001,0.9,0.019127651060424165,12,False
40,2023-04-28,elastic_net,0.001,0.1,0.018687474989995994,12,False
40,2023-04-28,elastic_net,0.001,0.5,0.012557022809123644,12,False
40,2023-04-28,elastic_net,0.001,0.9,-0.005474189675870343,12,False
40,2023-04-28,elastic_net,0.01,0.1,-0.007667066826730692,12,False
40,2023-04-28,elastic_net,0.01,0.5,,0,False
40,2023-04-28,elastic_net,0.01,0.9,,0,False
40,2023-04-28,ridge,0.1,,0.015062024809923968,12,False
40,2023-04-28,ridge,1.0,,0.013213285314125647,12,False
40,2023-04-28,ridge,10.0,,0.017639055622248902,12,False
40,2023-04-28,ridge,100.0,,0.019719887955182067,12,True
41,2023-05-31,elastic_net,0.0001,0.1,0.017783113245298122,12,True
41,2023-05-31,elastic_net,0.0001,0.5,0.014069627851140463,12,False
41,2023-05-31,elastic_net,0.0001,0.9,0.015206082432973188,12,False
41,2023-05-31,elastic_net,0.001,0.1,0.017599039615846333,12,False
41,2023-05-31,elastic_net,0.001,0.5,0.0019287715086034423,12,False
41,2023-05-31,elastic_net,0.001,0.9,0.005570228091236497,12,False
41,2023-05-31,elastic_net,0.01,0.1,0.0016646658663465295,12,False
41,2023-05-31,elastic_net,0.01,0.5,,0,False
41,2023-05-31,elastic_net,0.01,0.9,,0,False
41,2023-05-31,ridge,0.1,,0.01553421368547419,12,False
41,2023-05-31,ridge,1.0,,0.017270908363345338,12,False
41,2023-05-31,ridge,10.0,,0.0175110044017607,12,False
41,2023-05-31,ridge,100.0,,0.021984793917567035,12,True
42,2023-06-30,elastic_net,0.0001,0.1,0.029539815926370547,12,False
42,2023-06-30,elastic_net,0.0001,0.5,0.032925170068027206,12,False
42,2023-06-30,elastic_net,0.0001,0.9,0.030268107242897163,12,False
42,2023-06-30,elastic_net,0.001,0.1,0.0303641456582633,12,False
42,2023-06-30,elastic_net,0.001,0.5,0.03428571428571428,12,True
42,2023-06-30,elastic_net,0.001,0.9,0.026426570628251305,12,False
42,2023-06-30,elastic_net,0.01,0.1,0.028787515006002396,12,False
42,2023-06-30,elastic_net,0.01,0.5,,0,False
42,2023-06-30,elastic_net,0.01,0.9,,0,False
42,2023-06-30,ridge,0.1,,0.027018807523009208,12,False
42,2023-06-30,ridge,1.0,,0.02709883953581432,12,False
42,2023-06-30,ridge,10.0,,0.028963585434173673,12,False
42,2023-06-30,ridge,100.0,,0.04054421768707483,12,True
43,2023-07-31,elastic_net,0.0001,0.1,0.029539815926370547,12,False
43,2023-07-31,elastic_net,0.0001,0.5,0.032925170068027206,12,False
43,2023-07-31,elastic_net,0.0001,0.9,0.030268107242897163,12,False
43,2023-07-31,elastic_net,0.001,0.1,0.0303641456582633,12,False
43,2023-07-31,elastic_net,0.001,0.5,0.03428571428571428,12,True
43,2023-07-31,elastic_net,0.001,0.9,0.026426570628251305,12,False
43,2023-07-31,elastic_net,0.01,0.1,0.028787515006002396,12,False
43,2023-07-31,elastic_net,0.01,0.5,,0,False
43,2023-07-31,elastic_net,0.01,0.9,,0,False
43,2023-07-31,ridge,0.1,,0.027018807523009208,12,False
43,2023-07-31,ridge,1.0,,0.02709883953581432,12,False
43,2023-07-31,ridge,10.0,,0.028963585434173673,12,False
43,2023-07-31,ridge,100.0,,0.04054421768707483,12,True
44,2023-08-31,elastic_net,0.0001,0.1,0.046586634653861536,12,False
44,2023-08-31,elastic_net,0.0001,0.5,0.05161264505802321,12,False
44,2023-08-31,elastic_net,0.0001,0.9,0.05334933973589435,12,False
44,2023-08-31,elastic_net,0.001,0.1,0.05347739095638255,12,True
44,2023-08-31,elastic_net,0.001,0.5,0.02929971988795518,12,False
44,2023-08-31,elastic_net,0.001,0.9,0.020360144057623042,12,False
44,2023-08-31,elastic_net,0.01,0.1,0.01861544617847138,12,False
44,2023-08-31,elastic_net,0.01,0.5,,0,False
44,2023-08-31,elastic_net,0.01,0.9,,0,False
44,2023-08-31,ridge,0.1,,0.04289715886354542,12,False
44,2023-08-31,ridge,1.0,,0.043913565426170455,12,False
44,2023-08-31,ridge,10.0,,0.04707482993197279,12,False
44,2023-08-31,ridge,100.0,,0.05093237294917966,12,True
45,2023-09-29,elastic_net,0.0001,0.1,0.046586634653861536,12,False
45,2023-09-29,elastic_net,0.0001,0.5,0.05161264505802321,12,False
45,2023-09-29,elastic_net,0.0001,0.9,0.05334933973589435,12,False
45,2023-09-29,elastic_net,0.001,0.1,0.05347739095638255,12,True
45,2023-09-29,elastic_net,0.001,0.5,0.02929971988795518,12,False
45,2023-09-29,elastic_net,0.001,0.9,0.020360144057623042,12,False
45,2023-09-29,elastic_net,0.01,0.1,0.01861544617847138,12,False
45,2023-09-29,elastic_net,0.01,0.5,,0,False
45,2023-09-29,elastic_net,0.01,0.9,,0,False
45,2023-09-29,ridge,0.1,,0.04289715886354542,12,False
45,2023-09-29,ridge,1.0,,0.043913565426170455,12,False
45,2023-09-29,ridge,10.0,,0.04707482993197279,12,False
45,2023-09-29,ridge,100.0,,0.05093237294917966,12,True
46,2023-10-31,elastic_net,0.0001,0.1,0.003289315726290512,12,False
46,2023-10-31,elastic_net,0.0001,0.5,0.011660664265706283,12,True
46,2023-10-31,elastic_net,0.0001,0.9,0.005586234493797515,12,False
46,2023-10-31,elastic_net,0.001,0.1,0.005338135254101636,12,False
46,2023-10-31,elastic_net,0.001,0.5,-0.0060024009603841565,12,False
46,2023-10-31,elastic_net,0.001,0.9,-0.027242897158863546,12,False
46,2023-10-31,elastic_net,0.01,0.1,-0.030540216086434577,12,False
46,2023-10-31,elastic_net,0.01,0.5,,0,False
46,2023-10-31,elastic_net,0.01,0.9,,0,False
46,2023-10-31,ridge,0.1,,0.0013605442176870784,12,False
46,2023-10-31,ridge,1.0,,0.003609443777511007,12,False
46,2023-10-31,ridge,10.0,,0.0023849539815926388,12,False
46,2023-10-31,ridge,100.0,,0.00809123649459783,12,True
47,2023-11-30,elastic_net,0.0001,0.1,0.06519407763105242,12,False
47,2023-11-30,elastic_net,0.0001,0.5,0.0671548619447779,12,True
47,2023-11-30,elastic_net,0.0001,0.9,0.06649059623849539,12,False
47,2023-11-30,elastic_net,0.001,0.1,0.06430572228891555,12,False
47,2023-11-30,elastic_net,0.001,0.5,0.04185674269707882,12,False
47,2023-11-30,elastic_net,0.001,0.9,0.035798319327731094,12,False
47,2023-11-30,elastic_net,0.01,0.1,0.03260504201680672,12,False
47,2023-11-30,elastic_net,0.01,0.5,,0,False
47,2023-11-30,elastic_net,0.01,0.9,,0,False
47,2023-11-30,ridge,0.1,,0.061688675470188074,12,False
47,2023-11-30,ridge,1.0,,0.06392957182873149,12,False
47,2023-11-30,ridge,10.0,,0.06632252901160464,12,True
47,2023-11-30,ridge,100.0,,0.06437775110044018,12,False
48,2023-12-29,elastic_net,0.0001,0.1,0.06519407763105242,12,False
48,2023-12-29,elastic_net,0.0001,0.5,0.0671548619447779,12,True
48,2023-12-29,elastic_net,0.0001,0.9,0.06649059623849539,12,False
48,2023-12-29,elastic_net,0.001,0.1,0.06430572228891555,12,False
48,2023-12-29,elastic_net,0.001,0.5,0.04185674269707882,12,False
48,2023-12-29,elastic_net,0.001,0.9,0.035798319327731094,12,False
48,2023-12-29,elastic_net,0.01,0.1,0.03260504201680672,12,False
48,2023-12-29,elastic_net,0.01,0.5,,0,False
48,2023-12-29,elastic_net,0.01,0.9,,0,False
48,2023-12-29,ridge,0.1,,0.061688675470188074,12,False
48,2023-12-29,ridge,1.0,,0.06392957182873149,12,False
48,2023-12-29,ridge,10.0,,0.06632252901160464,12,True
48,2023-12-29,ridge,100.0,,0.06437775110044018,12,False
49,2024-01-31,elastic_net,0.0001,0.1,0.03654261704681872,12,False
49,2024-01-31,elastic_net,0.0001,0.5,0.04291316526610644,12,True
49,2024-01-31,elastic_net,0.0001,0.9,0.036614645858343335,12,False
49,2024-01-31,elastic_net,0.001,0.1,0.03820728291316527,12,False
49,2024-01-31,elastic_net,0.001,0.5,0.02035214085634254,12,False
49,2024-01-31,elastic_net,0.001,0.9,0.025866346538615446,12,False
49,2024-01-31,elastic_net,0.01,0.1,0.02514605842336935,12,False
49,2024-01-31,elastic_net,0.01,0.5,,0,False
49,2024-01-31,elastic_net,0.01,0.9,,0,False
49,2024-01-31,ridge,0.1,,0.03365346138455382,12,False
49,2024-01-31,ridge,1.0,,0.03407763105242097,12,False
49,2024-01-31,ridge,10.0,,0.03771908763505402,12,False
49,2024-01-31,ridge,100.0,,0.04330532212885154,12,True
50,2024-02-29,elastic_net,0.0001,0.1,0.03654261704681872,12,False
50,2024-02-29,elastic_net,0.0001,0.5,0.04291316526610644,12,True
50,2024-02-29,elastic_net,0.0001,0.9,0.036614645858343335,12,False
50,2024-02-29,elastic_net,0.001,0.1,0.03820728291316527,12,False
50,2024-02-29,elastic_net,0.001,0.5,0.02035214085634254,12,False
50,2024-02-29,elastic_net,0.001,0.9,0.025866346538615446,12,False
50,2024-02-29,elastic_net,0.01,0.1,0.02514605842336935,12,False
50,2024-02-29,elastic_net,0.01,0.5,,0,False
50,2024-02-29,elastic_net,0.01,0.9,,0,False
50,2024-02-29,ridge,0.1,,0.03365346138455382,12,False
50,2024-02-29,ridge,1.0,,0.03407763105242097,12,False
50,2024-02-29,ridge,10.0,,0.03771908763505402,12,False
50,2024-02-29,ridge,100.0,,0.04330532212885154,12,True
51,2024-03-28,elastic_net,0.0001,0.1,0.051396558623449363,12,False
51,2024-03-28,elastic_net,0.0001,0.5,0.05675870348139256,12,False
51,2024-03-28,elastic_net,0.0001,0.9,0.05692677070828331,12,False
51,2024-03-28,elastic_net,0.001,0.1,0.05866346538615445,12,False
51,2024-03-28,elastic_net,0.001,0.5,0.05784713885554221,12,False
51,2024-03-28,elastic_net,0.001,0.9,0.06553821528611445,12,False
51,2024-03-28,elastic_net,0.01,0.1,0.06828331332533012,12,True
51,2024-03-28,elastic_net,0.01,0.5,,0,False
51,2024-03-28,elastic_net,0.01,0.9,,0,False
51,2024-03-28,ridge,0.1,,0.04882753101240497,12,False
51,2024-03-28,ridge,1.0,,0.048315326130452176,12,False
51,2024-03-28,ridge,10.0,,0.05214885954381753,12,False
51,2024-03-28,ridge,100.0,,0.05968787515006002,12,True
52,2024-04-30,elastic_net,0.0001,0.1,0.08646658663465386,12,False
52,2024-04-30,elastic_net,0.0001,0.5,0.08280912364945979,12,False
52,2024-04-30,elastic_net,0.0001,0.9,0.08109643857543015,12,False
52,2024-04-30,elastic_net,0.001,0.1,0.07988795518207283,12,False
52,2024-04-30,elastic_net,0.001,0.5,0.1058263305322129,12,False
52,2024-04-30,elastic_net,0.001,0.9,0.13149259703881552,12,True
52,2024-04-30,elastic_net,0.01,0.1,0.12971588635454182,12,False
52,2024-04-30,elastic_net,0.01,0.5,,0,False
52,2024-04-30,elastic_net,0.01,0.9,,0,False
52,2024-04-30,ridge,0.1,,0.08464185674269709,12,False
52,2024-04-30,ridge,1.0,,0.08555422168867548,12,False
52,2024-04-30,ridge,10.0,,0.08629051620648259,12,False
52,2024-04-30,ridge,100.0,,0.08851540616246499,12,True
53,2024-05-31,elastic_net,0.0001,0.1,0.05345338135254101,12,False
53,2024-05-31,elastic_net,0.0001,0.5,0.05657462985194078,12,False
53,2024-05-31,elastic_net,0.0001,0.9,0.05789515806322527,12,False
53,2024-05-31,elastic_net,0.001,0.1,0.058111244497799114,12,False
53,2024-05-31,elastic_net,0.001,0.5,0.09816726690676271,12,False
53,2024-05-31,elastic_net,0.001,0.9,0.12312925170068025,12,False
53,2024-05-31,elastic_net,0.01,0.1,0.12333733493397357,12,True
53,2024-05-31,elastic_net,0.01,0.5,,0,False
53,2024-05-31,elastic_net,0.01,0.9,,0,False
53,2024-05-31,ridge,0.1,,0.0531812725090036,12,False
53,2024-05-31,ridge,1.0,,0.052565026010404164,12,False
53,2024-05-31,ridge,10.0,,0.05350140056022409,12,False
53,2024-05-31,ridge,100.0,,0.062120848339335726,12,True
54,2024-06-28,elastic_net,0.0001,0.1,0.05345338135254101,12,False
54,2024-06-28,elastic_net,0.0001,0.5,0.05657462985194078,12,False
54,2024-06-28,elastic_net,0.0001,0.9,0.05789515806322527,12,False
54,2024-06-28,elastic_net,0.001,0.1,0.058111244497799114,12,False
54,2024-06-28,elastic_net,0.001,0.5,0.09816726690676271,12,False
54,2024-06-28,elastic_net,0.001,0.9,0.12312925170068025,12,False
54,2024-06-28,elastic_net,0.01,0.1,0.12333733493397357,12,True
54,2024-06-28,elastic_net,0.01,0.5,,0,False
54,2024-06-28,elastic_net,0.01,0.9,,0,False
54,2024-06-28,ridge,0.1,,0.0531812725090036,12,False
54,2024-06-28,ridge,1.0,,0.052565026010404164,12,False
54,2024-06-28,ridge,10.0,,0.05350140056022409,12,False
54,2024-06-28,ridge,100.0,,0.062120848339335726,12,True
55,2024-07-31,elastic_net,0.0001,0.1,0.04434573829531813,12,False
55,2024-07-31,elastic_net,0.0001,0.5,0.0447218887555022,12,False
55,2024-07-31,elastic_net,0.0001,0.9,0.04380152060824329,12,False
55,2024-07-31,elastic_net,0.001,0.1,0.04621048419367746,12,False
55,2024-07-31,elastic_net,0.001,0.5,0.08388955582232892,12,False
55,2024-07-31,elastic_net,0.001,0.9,0.10737094837935174,12,False
55,2024-07-31,elastic_net,0.01,0.1,0.10869947979191676,12,False
55,2024-07-31,elastic_net,0.01,0.5,0.11099639855942377,12,True
55,2024-07-31,elastic_net,0.01,0.9,,0,False
55,2024-07-31,ridge,0.1,,0.042296918767507,12,False
55,2024-07-31,ridge,1.0,,0.04265706282513005,12,False
55,2024-07-31,ridge,10.0,,0.04693077230892356,12,False
55,2024-07-31,ridge,100.0,,0.04953181272509003,12,True
56,2024-08-30,elastic_net,0.0001,0.1,0.014509803921568629,12,False
56,2024-08-30,elastic_net,0.0001,0.5,0.013597438975590232,12,False
56,2024-08-30,elastic_net,0.0001,0.9,0.015590236094437776,12,False
56,2024-08-30,elastic_net,0.001,0.1,0.017615046018407354,12,False
56,2024-08-30,elastic_net,0.001,0.5,0.07494997999199679,12,False
56,2024-08-30,elastic_net,0.001,0.9,0.11114045618247297,12,False
56,2024-08-30,elastic_net,0.01,0.1,0.11699079631852739,12,False
56,2024-08-30,elastic_net,0.01,0.5,0.11756702681072428,12,True
56,2024-08-30,elastic_net,0.01,0.9,,0,False
56,2024-08-30,ridge,0.1,,0.011020408163265305,12,False
56,2024-08-30,ridge,1.0,,0.013013205282112842,12,False
56,2024-08-30,ridge,10.0,,0.012573029211684683,12,False
56,2024-08-30,ridge,100.0,,0.018775510204081625,12,True
57,2024-09-30,elastic_net,0.0001,0.1,0.014509803921568629,12,False
57,2024-09-30,elastic_net,0.0001,0.5,0.013597438975590232,12,False
57,2024-09-30,elastic_net,0.0001,0.9,0.015590236094437776,12,False
57,2024-09-30,elastic_net,0.001,0.1,0.017615046018407354,12,False
57,2024-09-30,elastic_net,0.001,0.5,0.07494997999199679,12,False
57,2024-09-30,elastic_net,0.001,0.9,0.11114045618247297,12,False
57,2024-09-30,elastic_net,0.01,0.1,0.11699079631852739,12,False
57,2024-09-30,elastic_net,0.01,0.5,0.11756702681072428,12,True
57,2024-09-30,elastic_net,0.01,0.9,,0,False
57,2024-09-30,ridge,0.1,,0.011020408163265305,12,False
57,2024-09-30,ridge,1.0,,0.013013205282112842,12,False
57,2024-09-30,ridge,10.0,,0.012573029211684683,12,False
57,2024-09-30,ridge,100.0,,0.018775510204081625,12,True
58,2024-10-31,elastic_net,0.0001,0.1,0.024545818327330934,12,False
58,2024-10-31,elastic_net,0.0001,0.5,0.029099639855942383,12,False
58,2024-10-31,elastic_net,0.0001,0.9,0.03273309323729492,12,False
58,2024-10-31,elastic_net,0.001,0.1,0.03461384553821528,12,False
58,2024-10-31,elastic_net,0.001,0.5,0.08969987995198077,12,False
58,2024-10-31,elastic_net,0.001,0.9,0.12128851540616246,12,False
58,2024-10-31,elastic_net,0.01,0.1,0.12584233693477392,12,True
58,2024-10-31,elastic_net,0.01,0.5,0.12148859543817526,12,False
58,2024-10-31,elastic_net,0.01,0.9,,0,False
58,2024-10-31,ridge,0.1,,0.023497398959583835,12,False
58,2024-10-31,ridge,1.0,,0.023713485394157668,12,False
58,2024-10-31,ridge,10.0,,0.024481792717086837,12,False
58,2024-10-31,ridge,100.0,,0.035838335334133636,12,True
59,2024-11-29,elastic_net,0.0001,0.1,0.024545818327330934,12,False
59,2024-11-29,elastic_net,0.0001,0.5,0.029099639855942383,12,False
59,2024-11-29,elastic_net,0.0001,0.9,0.03273309323729492,12,False
59,2024-11-29,elastic_net,0.001,0.1,0.03461384553821528,12,False
59,2024-11-29,elastic_net,0.001,0.5,0.08969987995198077,12,False
59,2024-11-29,elastic_net,0.001,0.9,0.12128851540616246,12,False
59,2024-11-29,elastic_net,0.01,0.1,0.12584233693477392,12,True
59,2024-11-29,elastic_net,0.01,0.5,0.12148859543817526,12,False
59,2024-11-29,elastic_net,0.01,0.9,,0,False
59,2024-11-29,ridge,0.1,,0.023497398959583835,12,False
59,2024-11-29,ridge,1.0,,0.023713485394157668,12,False
59,2024-11-29,ridge,10.0,,0.024481792717086837,12,False
59,2024-11-29,ridge,100.0,,0.035838335334133636,12,True
60,2024-12-31,elastic_net,0.0001,0.1,0.004833933573429375,12,False
60,2024-12-31,elastic_net,0.0001,0.5,0.007763105242096841,12,False
60,2024-12-31,elastic_net,0.0001,0.9,0.013333333333333329,12,False
60,2024-12-31,elastic_net,0.001,0.1,0.015134053621448575,12,False
60,2024-12-31,elastic_net,0.001,0.5,0.052837134853941564,12,False
60,2024-12-31,elastic_net,0.001,0.9,0.07799919967987194,12,False
60,2024-12-31,elastic_net,0.01,0.1,0.0813765506202481,12,False
60,2024-12-31,elastic_net,0.01,0.5,0.09242897158863546,12,True
60,2024-12-31,elastic_net,0.01,0.9,,0,False
60,2024-12-31,ridge,0.1,,0.002921168467386962,12,False
60,2024-12-31,ridge,1.0,,0.0010164065626250482,12,False
60,2024-12-31,ridge,10.0,,0.002641056422569031,12,False
60,2024-12-31,ridge,100.0,,0.011004401760704283,12,True
61,2025-01-31,elastic_net,0.0001,0.1,0.004833933573429375,12,False
61,2025-01-31,elastic_net,0.0001,0.5,0.007763105242096841,12,False
61,2025-01-31,elastic_net,0.0001,0.9,0.013333333333333329,12,False
61,2025-01-31,elastic_net,0.001,0.1,0.015134053621448575,12,False
61,2025-01-31,elastic_net,0.001,0.5,0.052837134853941564,12,False
61,2025-01-31,elastic_net,0.001,0.9,0.07799919967987194,12,False
61,2025-01-31,elastic_net,0.01,0.1,0.0813765506202481,12,False
61,2025-01-31,elastic_net,0.01,0.5,0.09242897158863546,12,True
61,2025-01-31,elastic_net,0.01,0.9,,0,False
61,2025-01-31,ridge,0.1,,0.002921168467386962,12,False
61,2025-01-31,ridge,1.0,,0.0010164065626250482,12,False
61,2025-01-31,ridge,10.0,,0.002641056422569031,12,False
61,2025-01-31,ridge,100.0,,0.011004401760704283,12,True
62,2025-02-28,elastic_net,0.0001,0.1,-0.005410164065626256,12,False
62,2025-02-28,elastic_net,0.0001,0.5,0.00017607042817126967,12,False
62,2025-02-28,elastic_net,0.0001,0.9,0.00681872749099639,12,False
62,2025-02-28,elastic_net,0.001,0.1,0.007867146858743498,12,False
62,2025-02-28,elastic_net,0.001,0.5,0.054277711084433765,12,False
62,2025-02-28,elastic_net,0.001,0.9,0.09102040816326533,12,False
62,2025-02-28,elastic_net,0.01,0.1,0.09616646658663465,12,False
62,2025-02-28,elastic_net,0.01,0.5,0.0978951580632253,12,True
62,2025-02-28,elastic_net,0.01,0.9,,0,False
62,2025-02-28,ridge,0.1,,-0.002849139655862349,12,False
62,2025-02-28,ridge,1.0,,-0.004129651860744298,12,False
62,2025-02-28,ridge,10.0,,-0.0026730692276910766,12,False
62,2025-02-28,ridge,100.0,,0.008395358143257306,12,True
63,2025-03-31,elastic_net,0.0001,0.1,-0.050516206482593036,12,False
63,2025-03-31,elastic_net,0.0001,0.5,-0.047410964385754296,12,False
63,2025-03-31,elastic_net,0.0001,0.9,-0.045130052020808324,12,False
63,2025-03-31,elastic_net,0.001,0.1,-0.04434573829531813,12,False
63,2025-03-31,elastic_net,0.001,0.5,-0.02504201680672269,12,False
63,2025-03-31,elastic_net,0.001,0.9,-0.005002000800320132,12,False
63,2025-03-31,elastic_net,0.01,0.1,-0.0018167266906762708,12,False
63,2025-03-31,elastic_net,0.01,0.5,0.023105242096838754,12,True
63,2025-03-31,elastic_net,0.01,0.9,,0,False
63,2025-03-31,ridge,0.1,,-0.051852741096438566,12,False
63,2025-03-31,ridge,1.0,,-0.05026010404161665,12,False
63,2025-03-31,ridge,10.0,,-0.0484673869547819,12,False
63,2025-03-31,ridge,100.0,,-0.04680272108843538,12,True
64,2025-04-30,elastic_net,0.0001,0.1,-0.07434173669467786,12,False
64,2025-04-30,elastic_net,0.0001,0.5,-0.070172068827531,12,False
64,2025-04-30,elastic_net,0.0001,0.9,-0.06480992396958783,12,False
64,2025-04-30,elastic_net,0.001,0.1,-0.0625530212084834,12,False
64,2025-04-30,elastic_net,0.001,0.5,-0.04156062424969987,12,False
64,2025-04-30,elastic_net,0.001,0.9,-0.017927170868347345,12,False
64,2025-04-30,elastic_net,0.01,0.1,-0.012284913965586236,12,False
64,2025-04-30,elastic_net,0.01,0.5,0.015014005602240916,12,True
64,2025-04-30,elastic_net,0.01,0.9,,0,False
64,2025-04-30,ridge,0.1,,-0.07413365346138455,12,False
64,2025-04-30,ridge,1.0,,-0.07210084033613445,12,False
64,2025-04-30,ridge,10.0,,-0.07056422569027611,12,False
64,2025-04-30,ridge,100.0,,-0.06443377350940376,12,True
65,2025-05-30,elastic_net,0.0001,0.1,-0.06601840736294519,12,False
65,2025-05-30,elastic_net,0.0001,0.5,-0.05899959983993597,12,False
65,2025-05-30,elastic_net,0.0001,0.9,-0.05535014005602241,12,False
65,2025-05-30,elastic_net,0.001,0.1,-0.053493397358943574,12,False
65,2025-05-30,elastic_net,0.001,0.5,-0.03960784313725491,12,False
65,2025-05-30,elastic_net,0.001,0.9,-0.011516606642657053,12,False
65,2025-05-30,elastic_net,0.01,0.1,-0.007146858743497397,12,False
65,2025-05-30,elastic_net,0.01,0.5,0.02332933173269308,12,True
65,2025-05-30,elastic_net,0.01,0.9,,0,False
65,2025-05-30,ridge,0.1,,-0.06889155662264908,12,False
65,2025-05-30,ridge,1.0,,-0.06923569427771108,12,False
65,2025-05-30,ridge,10.0,,-0.06368947579031613,12,False
65,2025-05-30,ridge,100.0,,-0.05559023609443777,12,True
66,2025-06-30,elastic_net,0.0001,0.1,-0.06601840736294519,12,False
66,2025-06-30,elastic_net,0.0001,0.5,-0.05899959983993597,12,False
66,2025-06-30,elastic_net,0.0001,0.9,-0.05535014005602241,12,False
66,2025-06-30,elastic_net,0.001,0.1,-0.053493397358943574,12,False
66,2025-06-30,elastic_net,0.001,0.5,-0.03960784313725491,12,False
66,2025-06-30,elastic_net,0.001,0.9,-0.011516606642657053,12,False
66,2025-06-30,elastic_net,0.01,0.1,-0.007146858743497397,12,False
66,2025-06-30,elastic_net,0.01,0.5,0.02332933173269308,12,True
66,2025-06-30,elastic_net,0.01,0.9,,0,False
66,2025-06-30,ridge,0.1,,-0.06889155662264908,12,False
66,2025-06-30,ridge,1.0,,-0.06923569427771108,12,False
66,2025-06-30,ridge,10.0,,-0.06368947579031613,12,False
66,2025-06-30,ridge,100.0,,-0.05559023609443777,12,True
67,2025-07-31,elastic_net,0.0001,0.1,-0.017847138855542222,12,False
67,2025-07-31,elastic_net,0.0001,0.5,-0.02141656662665066,12,False
67,2025-07-31,elastic_net,0.0001,0.9,-0.023761504601840733,12,False
67,2025-07-31,elastic_net,0.001,0.1,-0.02395358143257302,12,False
67,2025-07-31,elastic_net,0.001,0.5,-0.006914765906362554,12,False
67,2025-07-31,elastic_net,0.001,0.9,0.03795118047218887,12,False
67,2025-07-31,elastic_net,0.01,0.1,0.043977591036414555,12,False
67,2025-07-31,elastic_net,0.01,0.5,0.047851140456182474,12,True
67,2025-07-31,elastic_net,0.01,0.9,,0,False
67,2025-07-31,ridge,0.1,,-0.016182472989195677,12,True
67,2025-07-31,ridge,1.0,,-0.01635854341736694,12,False
67,2025-07-31,ridge,10.0,,-0.016326530612244903,12,False
67,2025-07-31,ridge,100.0,,-0.017014805922368943,12,False
68,2025-08-29,elastic_net,0.0001,0.1,0.004625850340136058,12,False
68,2025-08-29,elastic_net,0.0001,0.5,0.0029051620648259196,12,False
68,2025-08-29,elastic_net,0.0001,0.9,-0.0003201280512204821,12,False
68,2025-08-29,elastic_net,0.001,0.1,-0.002713085234093642,12,False
68,2025-08-29,elastic_net,0.001,0.5,0.015598239295718281,12,False
68,2025-08-29,elastic_net,0.001,0.9,0.04701880752300921,12,False
68,2025-08-29,elastic_net,0.01,0.1,0.05086834733893558,12,False
68,2025-08-29,elastic_net,0.01,0.5,0.055022008803521406,12,True
68,2025-08-29,elastic_net,0.01,0.9,,0,False
68,2025-08-29,ridge,0.1,,0.012268907563025212,12,True
68,2025-08-29,ridge,1.0,,0.011388555422168866,12,False
68,2025-08-29,ridge,10.0,,0.007947178871548626,12,False
68,2025-08-29,ridge,100.0,,0.00874749899959984,12,False
69,2025-09-30,elastic_net,0.0001,0.1,0.01368547418967587,12,False
69,2025-09-30,elastic_net,0.0001,0.5,0.010428171268507397,12,False
69,2025-09-30,elastic_net,0.0001,0.9,0.0046418567426970815,12,False
69,2025-09-30,elastic_net,0.001,0.1,0.0048179271708683555,12,False
69,2025-09-30,elastic_net,0.001,0.5,0.0339015606242497,12,False
69,2025-09-30,elastic_net,0.001,0.9,0.06698679471788714,12,False
69,2025-09-30,elastic_net,0.01,0.1,0.06961984793917567,12,True
69,2025-09-30,elastic_net,0.01,0.5,0.05601440576230493,12,False
69,2025-09-30,elastic_net,0.01,0.9,,0,False
69,2025-09-30,ridge,0.1,,0.013973589435774305,12,False
69,2025-09-30,ridge,1.0,,0.014653861544617841,12,True
69,2025-09-30,ridge,10.0,,0.013509403761504606,12,False
69,2025-09-30,ridge,100.0,,0.008131252501000392,12,False
70,2025-10-31,elastic_net,0.0001,0.1,0.017118847539015606,12,False
70,2025-10-31,elastic_net,0.0001,0.5,0.014053621448579426,12,False
70,2025-10-31,elastic_net,0.0001,0.9,0.010164065626250498,12,False
70,2025-10-31,elastic_net,0.001,0.1,0.01008403361344537,12,False
70,2025-10-31,elastic_net,0.001,0.5,0.03819927971188474,12,False
70,2025-10-31,elastic_net,0.001,0.9,0.06811524609843937,12,False
70,2025-10-31,elastic_net,0.01,0.1,0.07099639855942376,12,True
70,2025-10-31,elastic_net,0.01,0.5,0.05104441776710683,12,False
70,2025-10-31,elastic_net,0.01,0.9,,0,False
70,2025-10-31,ridge,0.1,,0.022344937975190077,12,True
70,2025-10-31,ridge,1.0,,0.02198479391756702,12,False
70,2025-10-31,ridge,10.0,,0.0214405762304922,12,False
70,2025-10-31,ridge,100.0,,0.022216886754701886,12,False
71,2025-11-28,elastic_net,0.0001,0.1,0.017118847539015606,12,False
71,2025-11-28,elastic_net,0.0001,0.5,0.014053621448579426,12,False
71,2025-11-28,elastic_net,0.0001,0.9,0.010164065626250498,12,False
71,2025-11-28,elastic_net,0.001,0.1,0.01008403361344537,12,False
71,2025-11-28,elastic_net,0.001,0.5,0.03819927971188474,12,False
71,2025-11-28,elastic_net,0.001,0.9,0.06811524609843937,12,False
71,2025-11-28,elastic_net,0.01,0.1,0.07099639855942376,12,True
71,2025-11-28,elastic_net,0.01,0.5,0.05104441776710683,12,False
71,2025-11-28,elastic_net,0.01,0.9,,0,False
71,2025-11-28,ridge,0.1,,0.022344937975190077,12,True
71,2025-11-28,ridge,1.0,,0.02198479391756702,12,False
71,2025-11-28,ridge,10.0,,0.0214405762304922,12,False
71,2025-11-28,ridge,100.0,,0.022216886754701886,12,False
72,2025-12-31,elastic_net,0.0001,0.1,0.017134853941576624,12,False
72,2025-12-31,elastic_net,0.0001,0.5,0.00999599839935974,12,False
72,2025-12-31,elastic_net,0.0001,0.9,0.005674269707883144,12,False
72,2025-12-31,elastic_net,0.001,0.1,0.006202480992396957,12,False
72,2025-12-31,elastic_net,0.001,0.5,0.03835134053621448,12,False
72,2025-12-31,elastic_net,0.001,0.9,0.06259303721488596,12,False
72,2025-12-31,elastic_net,0.01,0.1,0.06306522609043617,12,True
72,2025-12-31,elastic_net,0.01,0.5,0.05375750300120046,12,False
72,2025-12-31,elastic_net,0.01,0.9,,0,False
72,2025-12-31,ridge,0.1,,0.01756702681072429,12,False
72,2025-12-31,ridge,1.0,,0.017478991596638658,12,False
72,2025-12-31,ridge,10.0,,0.018447378951580624,12,True
72,2025-12-31,ridge,100.0,,0.014725890356142454,12,False
73,2026-01-30,elastic_net,0.0001,0.1,0.017134853941576624,12,False
73,2026-01-30,elastic_net,0.0001,0.5,0.00999599839935974,12,False
73,2026-01-30,elastic_net,0.0001,0.9,0.005674269707883144,12,False
73,2026-01-30,elastic_net,0.001,0.1,0.006202480992396957,12,False
73,2026-01-30,elastic_net,0.001,0.5,0.03835134053621448,12,False
73,2026-01-30,elastic_net,0.001,0.9,0.06259303721488596,12,False
73,2026-01-30,elastic_net,0.01,0.1,0.06306522609043617,12,True
73,2026-01-30,elastic_net,0.01,0.5,0.05375750300120046,12,False
73,2026-01-30,elastic_net,0.01,0.9,,0,False
73,2026-01-30,ridge,0.1,,0.01756702681072429,12,False
73,2026-01-30,ridge,1.0,,0.017478991596638658,12,False
73,2026-01-30,ridge,10.0,,0.018447378951580624,12,True
73,2026-01-30,ridge,100.0,,0.014725890356142454,12,False
74,2026-02-27,elastic_net,0.0001,0.1,0.002384953981592638,12,False
74,2026-02-27,elastic_net,0.0001,0.5,-0.005242096838735499,12,False
74,2026-02-27,elastic_net,0.0001,0.9,-0.006202480992396957,12,False
74,2026-02-27,elastic_net,0.001,0.1,-0.00836334533813526,12,False
74,2026-02-27,elastic_net,0.001,0.5,0.012236894757903148,12,False
74,2026-02-27,elastic_net,0.001,0.9,0.038847539015606246,12,True
74,2026-02-27,elastic_net,0.01,0.1,0.036950780312124835,12,False
74,2026-02-27,elastic_net,0.01,0.5,0.03268507402961183,12,False
74,2026-02-27,elastic_net,0.01,0.9,,0,False
74,2026-02-27,ridge,0.1,,0.004633853541416562,12,True
74,2026-02-27,ridge,1.0,,0.003913565426170458,12,False
74,2026-02-27,ridge,10.0,,0.0035614245698279193,12,False
74,2026-02-27,ridge,100.0,,0.0038335334133653373,12,False
75,2026-03-31,elastic_net,0.0001,0.1,0.014709883953581434,12,False
75,2026-03-31,elastic_net,0.0001,0.5,0.004297719087635057,12,False
75,2026-03-31,elastic_net,0.0001,0.9,0.003129251700680268,12,False
75,2026-03-31,elastic_net,0.001,0.1,0.0023129251700680273,12,False
75,2026-03-31,elastic_net,0.001,0.5,0.02304921968787514,12,False
75,2026-03-31,elastic_net,0.001,0.9,0.06696278511404562,12,False
75,2026-03-31,elastic_net,0.01,0.1,0.0751020408163265,12,False
75,2026-03-31,elastic_net,0.01,0.5,0.07760704281712684,12,True
75,2026-03-31,elastic_net,0.01,0.9,,0,False
75,2026-03-31,ridge,0.1,,0.017591036414565834,12,True
75,2026-03-31,ridge,1.0,,0.016422569027611047,12,False
75,2026-03-31,ridge,10.0,,0.016302521008403358,12,False
75,2026-03-31,ridge,100.0,,0.016406562625050015,12,False
76,2026-04-30,elastic_net,0.0001,0.1,0.03204481792717088,12,False
76,2026-04-30,elastic_net,0.0001,0.5,0.03329331732693077,12,False
76,2026-04-30,elastic_net,0.0001,0.9,0.029019607843137247,12,False
76,2026-04-30,elastic_net,0.001,0.1,0.026138455382152852,12,False
76,2026-04-30,elastic_net,0.001,0.5,0.05274909963985595,12,False
76,2026-04-30,elastic_net,0.001,0.9,0.09631052420968389,12,False
76,2026-04-30,elastic_net,0.01,0.1,0.09749499799919965,12,True
76,2026-04-30,elastic_net,0.01,0.5,0.08524209683873547,12,False
76,2026-04-30,elastic_net,0.01,0.9,,0,False
76,2026-04-30,ridge,0.1,,0.03216486594637855,12,False
76,2026-04-30,ridge,1.0,,0.03062024809923969,12,False
76,2026-04-30,ridge,10.0,,0.03054021608643458,12,False
76,2026-04-30,ridge,100.0,,0.03805522208883554,12,True
77,2026-05-29,elastic_net,0.0001,0.1,0.03204481792717088,12,False
77,2026-05-29,elastic_net,0.0001,0.5,0.03329331732693077,12,False
77,2026-05-29,elastic_net,0.0001,0.9,0.029019607843137247,12,False
77,2026-05-29,elastic_net,0.001,0.1,0.026138455382152852,12,False
77,2026-05-29,elastic_net,0.001,0.5,0.05274909963985595,12,False
77,2026-05-29,elastic_net,0.001,0.9,0.09631052420968389,12,False
77,2026-05-29,elastic_net,0.01,0.1,0.09749499799919965,12,True
77,2026-05-29,elastic_net,0.01,0.5,0.08524209683873547,12,False
77,2026-05-29,elastic_net,0.01,0.9,,0,False
77,2026-05-29,ridge,0.1,,0.03216486594637855,12,False
77,2026-05-29,ridge,1.0,,0.03062024809923969,12,False
77,2026-05-29,ridge,10.0,,0.03054021608643458,12,False
77,2026-05-29,ridge,100.0,,0.03805522208883554,12,True
