fold_id,test_date,candidate_name,num_leaves,max_depth,min_child_samples,best_iteration,validation_mean_ic,validation_valid_months,validation_ndcg_at_10,selected
1,2020-01-31,shallow,7,3,80,11,0.011789793148097394,12,0.4279286545741057,False
1,2020-01-31,balanced,15,4,60,154,0.030988395358143263,12,0.4372657323346039,False
1,2020-01-31,flexible,31,5,40,5,0.028464951053311954,12,0.43301816524118486,False
1,2020-01-31,regularized,15,4,40,6,0.07134799675429088,12,0.47182351477719475,True
2,2020-02-28,shallow,7,3,80,11,0.011789793148097394,12,0.4279286545741057,False
2,2020-02-28,balanced,15,4,60,154,0.030988395358143263,12,0.4372657323346039,False
2,2020-02-28,flexible,31,5,40,5,0.028464951053311954,12,0.43301816524118486,False
2,2020-02-28,regularized,15,4,40,6,0.07134799675429088,12,0.47182351477719475,True
3,2020-03-31,shallow,7,3,80,45,0.09250100040016006,12,0.46454843781732297,False
3,2020-03-31,balanced,15,4,60,6,0.10005465025786536,12,0.4720051314161546,False
3,2020-03-31,flexible,31,5,40,50,0.1396798719487795,12,0.4679994325171782,True
3,2020-03-31,regularized,15,4,40,22,0.1345819293634621,12,0.4694447162100967,False
4,2020-04-30,shallow,7,3,80,46,0.15288515406162462,12,0.48946567157803306,False
4,2020-04-30,balanced,15,4,60,12,0.18569721387980798,12,0.5055600804337923,True
4,2020-04-30,flexible,31,5,40,8,0.1275515904220975,12,0.5061338758606545,False
4,2020-04-30,regularized,15,4,40,29,0.17826330532212883,12,0.47988666291971144,False
5,2020-05-29,shallow,7,3,80,46,0.15288515406162462,12,0.48946567157803306,False
5,2020-05-29,balanced,15,4,60,12,0.18569721387980798,12,0.5055600804337923,True
5,2020-05-29,flexible,31,5,40,8,0.1275515904220975,12,0.5061338758606545,False
5,2020-05-29,regularized,15,4,40,29,0.17826330532212883,12,0.47988666291971144,False
6,2020-06-30,shallow,7,3,80,22,0.19270867871939848,12,0.5154498052605302,False
6,2020-06-30,balanced,15,4,60,29,0.20200880352140857,12,0.5166116867231434,True
6,2020-06-30,flexible,31,5,40,6,0.17036869264351798,12,0.547043959879309,False
6,2020-06-30,regularized,15,4,40,31,0.2011489978177905,12,0.5116671592831655,False
7,2020-07-31,shallow,7,3,80,16,0.16151931618098916,12,0.5411437551437132,False
7,2020-07-31,balanced,15,4,60,7,0.17469375122314001,12,0.545402806209755,True
7,2020-07-31,flexible,31,5,40,72,0.16417767106842737,12,0.5381987770609479,False
7,2020-07-31,regularized,15,4,40,12,0.17386694929348445,12,0.5574829025379845,False
8,2020-08-31,shallow,7,3,80,15,0.16759895117637139,12,0.5241848576733116,False
8,2020-08-31,balanced,15,4,60,5,0.2111140554045905,12,0.5633363727525541,True
8,2020-08-31,flexible,31,5,40,38,0.1747018807523009,12,0.5436505214528283,False
8,2020-08-31,regularized,15,4,40,32,0.18947579031612646,12,0.5464366472912988,False
9,2020-09-30,shallow,7,3,80,8,0.22856963901985117,12,0.5681727561680942,True
9,2020-09-30,balanced,15,4,60,18,0.17202381871148928,12,0.5370566042756986,False
9,2020-09-30,flexible,31,5,40,6,0.15024151313250964,12,0.544312280585649,False
9,2020-09-30,regularized,15,4,40,10,0.20075406249685226,12,0.5387053026442906,False
10,2020-10-30,shallow,7,3,80,6,0.17168445820479453,12,0.4967167540550394,False
10,2020-10-30,balanced,15,4,60,11,0.1891800227233912,12,0.5366049383190966,True
10,2020-10-30,flexible,31,5,40,17,0.139391460988296,12,0.4882972218548118,False
10,2020-10-30,regularized,15,4,40,3,0.1390711259356885,12,0.5181398851204676,False
11,2020-11-30,shallow,7,3,80,6,0.17168445820479453,12,0.4967167540550394,False
11,2020-11-30,balanced,15,4,60,11,0.1891800227233912,12,0.5366049383190966,True
11,2020-11-30,flexible,31,5,40,17,0.139391460988296,12,0.4882972218548118,False
11,2020-11-30,regularized,15,4,40,3,0.1390711259356885,12,0.5181398851204676,False
12,2020-12-31,shallow,7,3,80,16,0.08160027906066972,12,0.4858441899858823,True
12,2020-12-31,balanced,15,4,60,7,0.04053519280080758,12,0.482660909836816,False
12,2020-12-31,flexible,31,5,40,9,0.06912274232999566,12,0.4900329559662882,False
12,2020-12-31,regularized,15,4,40,3,-0.036341557277412326,12,0.45522277157770935,False
13,2021-01-29,shallow,7,3,80,16,0.08160027906066972,12,0.4858441899858823,True
13,2021-01-29,balanced,15,4,60,7,0.04053519280080758,12,0.482660909836816,False
13,2021-01-29,flexible,31,5,40,9,0.06912274232999566,12,0.4900329559662882,False
13,2021-01-29,regularized,15,4,40,3,-0.036341557277412326,12,0.45522277157770935,False
14,2021-02-26,shallow,7,3,80,2,0.12618987980074126,12,0.5176550065506762,True
14,2021-02-26,balanced,15,4,60,7,0.07438530770260221,12,0.48847160778136717,False
14,2021-02-26,flexible,31,5,40,10,0.07606211051212063,12,0.48180686714197685,False
14,2021-02-26,regularized,15,4,40,4,0.07802014706405139,12,0.4929665487506211,False
15,2021-03-31,shallow,7,3,80,2,0.08731871851353795,12,0.4783337528202283,True
15,2021-03-31,balanced,15,4,60,5,0.052282255044727555,12,0.4913120932267163,False
15,2021-03-31,flexible,31,5,40,25,0.03809622641286504,12,0.4627591869850616,False
15,2021-03-31,regularized,15,4,40,2,0.033925665530478315,12,0.44679319754059915,False
16,2021-04-30,shallow,7,3,80,17,0.08129303813601274,12,0.46649711007032385,True
16,2021-04-30,balanced,15,4,60,3,0.050101165741120536,12,0.4547613397059209,False
16,2021-04-30,flexible,31,5,40,2,0.04572924814222456,12,0.44779997020135287,False
16,2021-04-30,regularized,15,4,40,25,0.01936368852257759,12,0.4453787077456323,False
17,2021-05-28,shallow,7,3,80,17,0.08129303813601274,12,0.46649711007032385,True
17,2021-05-28,balanced,15,4,60,3,0.050101165741120536,12,0.4547613397059209,False
17,2021-05-28,flexible,31,5,40,2,0.04572924814222456,12,0.44779997020135287,False
17,2021-05-28,regularized,15,4,40,25,0.01936368852257759,12,0.4453787077456323,False
18,2021-06-30,shallow,7,3,80,10,0.03474746086878163,12,0.4522635024010109,False
18,2021-06-30,balanced,15,4,60,5,0.03415171104294836,12,0.42566237519635286,False
18,2021-06-30,flexible,31,5,40,2,0.012986561281411619,12,0.4253833262859839,False
18,2021-06-30,regularized,15,4,40,2,0.05105653156480384,12,0.4283729907729099,True
19,2021-07-30,shallow,7,3,80,112,0.07032412965186075,12,0.4308502133258674,True
19,2021-07-30,balanced,15,4,60,31,0.06529011604641859,12,0.428354882350312,False
19,2021-07-30,flexible,31,5,40,22,0.04048819527811124,12,0.4338938802391976,False
19,2021-07-30,regularized,15,4,40,2,0.025395863070932573,12,0.4403847290947788,False
20,2021-08-31,shallow,7,3,80,50,0.10683436753934915,12,0.42544668556823195,True
20,2021-08-31,balanced,15,4,60,1,0.025039530056907438,12,0.41188202080494957,False
20,2021-08-31,flexible,31,5,40,8,0.035704573455983345,12,0.4089970742951061,False
20,2021-08-31,regularized,15,4,40,2,0.03177795511985471,12,0.4346067922415083,False
21,2021-09-30,shallow,7,3,80,3,0.04735840659776853,12,0.43627209142142376,False
21,2021-09-30,balanced,15,4,60,8,0.057700013848033894,12,0.43624840648963453,False
21,2021-09-30,flexible,31,5,40,6,0.10097275652707173,12,0.42141106972307424,True
21,2021-09-30,regularized,15,4,40,38,0.10093610196999069,12,0.43777879559031624,False
22,2021-10-29,shallow,7,3,80,72,0.08871548619447779,12,0.46079066925151196,False
22,2021-10-29,balanced,15,4,60,1,0.048159488014276296,12,0.454761852751262,False
22,2021-10-29,flexible,31,5,40,2,0.09371007832864937,12,0.46775595513519846,True
22,2021-10-29,regularized,15,4,40,16,0.051141634801334795,12,0.42397613102783754,False
23,2021-11-30,shallow,7,3,80,19,0.15131204060599188,12,0.4969704676616038,True
23,2021-11-30,balanced,15,4,60,21,0.09828490249713505,12,0.45686606116568446,False
23,2021-11-30,flexible,31,5,40,4,0.1046772076148214,12,0.43443444615923626,False
23,2021-11-30,regularized,15,4,40,2,0.06062200101893702,12,0.4428819675768401,False
24,2021-12-31,shallow,7,3,80,2,0.07103816468857875,12,0.4324132453256746,False
24,2021-12-31,balanced,15,4,60,6,0.07386625083214429,12,0.449709365232372,False
24,2021-12-31,flexible,31,5,40,17,0.07247869795120251,12,0.422731687433274,False
24,2021-12-31,regularized,15,4,40,19,0.08595227567223085,12,0.43876495632944934,True
25,2022-01-31,shallow,7,3,80,2,0.07103816468857875,12,0.4324132453256746,False
25,2022-01-31,balanced,15,4,60,6,0.07386625083214429,12,0.449709365232372,False
25,2022-01-31,flexible,31,5,40,17,0.07247869795120251,12,0.422731687433274,False
25,2022-01-31,regularized,15,4,40,19,0.08595227567223085,12,0.43876495632944934,True
26,2022-02-28,shallow,7,3,80,1,0.06360053855242165,12,0.4233980985316575,True
26,2022-02-28,balanced,15,4,60,58,0.052557022809123645,12,0.4007061713000189,False
26,2022-02-28,flexible,31,5,40,25,0.03075630252100839,12,0.3903875293258137,False
26,2022-02-28,regularized,15,4,40,5,0.06044083148328541,12,0.4291209443884933,False
27,2022-03-31,shallow,7,3,80,2,0.09016180475212206,12,0.48295159687016803,False
27,2022-03-31,balanced,15,4,60,9,0.11366011266787379,12,0.4605650122904059,True
27,2022-03-31,flexible,31,5,40,5,0.08277622139656657,12,0.45640366728375065,False
27,2022-03-31,regularized,15,4,40,22,0.10599980721833646,12,0.43687922592907796,False
28,2022-04-29,shallow,7,3,80,2,0.09016180475212206,12,0.48295159687016803,False
28,2022-04-29,balanced,15,4,60,9,0.11366011266787379,12,0.4605650122904059,True
28,2022-04-29,flexible,31,5,40,5,0.08277622139656657,12,0.45640366728375065,False
28,2022-04-29,regularized,15,4,40,22,0.10599980721833646,12,0.43687922592907796,False
29,2022-05-31,shallow,7,3,80,16,0.0515618198270524,12,0.43819237633862085,False
29,2022-05-31,balanced,15,4,60,9,0.07927150034521036,12,0.43980610942816484,True
29,2022-05-31,flexible,31,5,40,17,0.05895138995129739,12,0.44381653662916576,False
29,2022-05-31,regularized,15,4,40,32,0.055945912083249456,12,0.44411555164668637,False
30,2022-06-30,shallow,7,3,80,4,0.06849818826967802,12,0.40756318314142775,True
30,2022-06-30,balanced,15,4,60,4,0.06156597844191849,12,0.4268112047436647,False
30,2022-06-30,flexible,31,5,40,2,0.03474771736548115,12,0.4081469505792846,False
30,2022-06-30,regularized,15,4,40,36,-0.0015366146458583353,12,0.3887168309787165,False
31,2022-07-29,shallow,7,3,80,4,0.06849818826967802,12,0.40756318314142775,True
31,2022-07-29,balanced,15,4,60,4,0.06156597844191849,12,0.4268112047436647,False
31,2022-07-29,flexible,31,5,40,2,0.03474771736548115,12,0.4081469505792846,False
31,2022-07-29,regularized,15,4,40,36,-0.0015366146458583353,12,0.3887168309787165,False
32,2022-08-31,shallow,7,3,80,52,-0.008259303721488583,12,0.37312230314975464,False
32,2022-08-31,balanced,15,4,60,1,0.0793323701513043,12,0.39995423489038845,True
32,2022-08-31,flexible,31,5,40,43,-0.0016966786714685937,12,0.38680891297930753,False
32,2022-08-31,regularized,15,4,40,71,-0.02219287715086034,12,0.39258344906524395,False
33,2022-09-30,shallow,7,3,80,3,0.019234094199071548,12,0.3987042571909836,False
33,2022-09-30,balanced,15,4,60,1,0.05551676386838806,12,0.3742651951565759,True
33,2022-09-30,flexible,31,5,40,20,-0.01287386502696422,12,0.3962912813796738,False
33,2022-09-30,regularized,15,4,40,39,-0.013167642154293606,12,0.40010465262674016,False
34,2022-10-31,shallow,7,3,80,1,-0.007535855130215062,12,0.3940483570530639,False
34,2022-10-31,balanced,15,4,60,2,0.045230829197975185,12,0.3762445728009271,True
34,2022-10-31,flexible,31,5,40,2,-0.021714701922271276,12,0.3753243428624935,False
34,2022-10-31,regularized,15,4,40,1,-0.0018039756183368956,12,0.34529569949717187,False
35,2022-11-30,shallow,7,3,80,1,-0.014224947506002346,12,0.3448394982878189,True
35,2022-11-30,balanced,15,4,60,107,-0.07034013605442177,12,0.35292962309018217,False
35,2022-11-30,flexible,31,5,40,20,-0.05311479663564369,12,0.3569597969336646,False
35,2022-11-30,regularized,15,4,40,4,-0.02609977979719139,12,0.3821969300709529,False
36,2022-12-30,shallow,7,3,80,1,0.00464777792193644,12,0.3539952627187218,True
36,2022-12-30,balanced,15,4,60,1,-0.028832758665386884,12,0.340703904789697,False
36,2022-12-30,flexible,31,5,40,43,-0.017062825130052018,12,0.3632439193059604,False
36,2022-12-30,regularized,15,4,40,252,-0.037110844337735094,12,0.3554414876454097,False
37,2023-01-31,shallow,7,3,80,1,0.00464777792193644,12,0.3539952627187218,True
37,2023-01-31,balanced,15,4,60,1,-0.028832758665386884,12,0.340703904789697,False
37,2023-01-31,flexible,31,5,40,43,-0.017062825130052018,12,0.3632439193059604,False
37,2023-01-31,regularized,15,4,40,252,-0.037110844337735094,12,0.3554414876454097,False
38,2023-02-28,shallow,7,3,80,95,-0.015446178471388563,12,0.41617694883144946,False
38,2023-02-28,balanced,15,4,60,67,-0.013469387755102055,12,0.4166886779234706,False
38,2023-02-28,flexible,31,5,40,81,0.0017206882753101245,12,0.4437222244077939,True
38,2023-02-28,regularized,15,4,40,69,-0.003977591036414568,12,0.42370734480927874,False
39,2023-03-31,shallow,7,3,80,167,-0.0007603041216486493,12,0.38859291005067803,True
39,2023-03-31,balanced,15,4,60,80,-0.0044177671068427364,12,0.4039428166741568,False
39,2023-03-31,flexible,31,5,40,126,-0.01342937174869948,12,0.40377960112451344,False
39,2023-03-31,regularized,15,4,40,67,-0.019487795118047227,12,0.4104313360620606,False
40,2023-04-28,shallow,7,3,80,167,-0.0007603041216486493,12,0.38859291005067803,True
40,2023-04-28,balanced,15,4,60,80,-0.0044177671068427364,12,0.4039428166741568,False
40,2023-04-28,flexible,31,5,40,126,-0.01342937174869948,12,0.40377960112451344,False
40,2023-04-28,regularized,15,4,40,67,-0.019487795118047227,12,0.4104313360620606,False
41,2023-05-31,shallow,7,3,80,57,0.015550220088035199,12,0.4250819636407961,False
41,2023-05-31,balanced,15,4,60,4,0.026402805491244703,12,0.39711679375198955,False
41,2023-05-31,flexible,31,5,40,27,0.01826417203767515,12,0.4194748173009338,False
41,2023-05-31,regularized,15,4,40,12,0.03870323218055464,12,0.4463671562462455,True
42,2023-06-30,shallow,7,3,80,71,0.0446578631452581,12,0.4250942371058935,False
42,2023-06-30,balanced,15,4,60,95,0.032629051620648254,12,0.4216019315297215,False
42,2023-06-30,flexible,31,5,40,36,0.03318927571028411,12,0.4045759334519097,False
42,2023-06-30,regularized,15,4,40,13,0.04985466150995843,12,0.41988010709821016,True
43,2023-07-31,shallow,7,3,80,71,0.0446578631452581,12,0.4250942371058935,False
43,2023-07-31,balanced,15,4,60,95,0.032629051620648254,12,0.4216019315297215,False
43,2023-07-31,flexible,31,5,40,36,0.03318927571028411,12,0.4045759334519097,False
43,2023-07-31,regularized,15,4,40,13,0.04985466150995843,12,0.41988010709821016,True
44,2023-08-31,shallow,7,3,80,35,0.02344246939733269,12,0.4234900215114638,True
44,2023-08-31,balanced,15,4,60,18,0.006951339010235698,12,0.40006569240437084,False
44,2023-08-31,flexible,31,5,40,36,0.013197278911564629,12,0.38151231127034974,False
44,2023-08-31,regularized,15,4,40,21,0.01208482870039837,12,0.4181773588969839,False
45,2023-09-29,shallow,7,3,80,35,0.02344246939733269,12,0.4234900215114638,True
45,2023-09-29,balanced,15,4,60,18,0.006951339010235698,12,0.40006569240437084,False
45,2023-09-29,flexible,31,5,40,36,0.013197278911564629,12,0.38151231127034974,False
45,2023-09-29,regularized,15,4,40,21,0.01208482870039837,12,0.4181773588969839,False
46,2023-10-31,shallow,7,3,80,15,0.027377948552916642,12,0.40545891849153853,True
46,2023-10-31,balanced,15,4,60,18,0.018468217909939483,12,0.38194860657960467,False
46,2023-10-31,flexible,31,5,40,2,0.0009448142381317118,12,0.37226345525956,False
46,2023-10-31,regularized,15,4,40,11,-0.026825327021986544,12,0.3592890823324928,False
47,2023-11-30,shallow,7,3,80,25,0.050040147360118574,12,0.4495860016063849,False
47,2023-11-30,balanced,15,4,60,13,0.05824991368444451,12,0.4205635838050301,True
47,2023-11-30,flexible,31,5,40,51,0.018783513405362138,12,0.3901241089539617,False
47,2023-11-30,regularized,15,4,40,237,0.03155662264905964,12,0.40633371141836333,False
48,2023-12-29,shallow,7,3,80,25,0.050040147360118574,12,0.4495860016063849,False
48,2023-12-29,balanced,15,4,60,13,0.05824991368444451,12,0.4205635838050301,True
48,2023-12-29,flexible,31,5,40,51,0.018783513405362138,12,0.3901241089539617,False
48,2023-12-29,regularized,15,4,40,237,0.03155662264905964,12,0.40633371141836333,False
49,2024-01-31,shallow,7,3,80,56,0.03823929571828732,12,0.4303134198769368,False
49,2024-01-31,balanced,15,4,60,14,0.07039883432087275,12,0.41705422062994324,True
49,2024-01-31,flexible,31,5,40,6,0.023971355988767276,12,0.42994552961116045,False
49,2024-01-31,regularized,15,4,40,39,0.030156869019142152,12,0.4139479304929304,False
50,2024-02-29,shallow,7,3,80,56,0.03823929571828732,12,0.4303134198769368,False
50,2024-02-29,balanced,15,4,60,14,0.07039883432087275,12,0.41705422062994324,True
50,2024-02-29,flexible,31,5,40,6,0.023971355988767276,12,0.42994552961116045,False
50,2024-02-29,regularized,15,4,40,39,0.030156869019142152,12,0.4139479304929304,False
51,2024-03-28,shallow,7,3,80,44,0.06996033949073108,12,0.4579363400048344,False
51,2024-03-28,balanced,15,4,60,83,0.11736694677871147,12,0.502792562795503,False
51,2024-03-28,flexible,31,5,40,2,0.1526408354674863,12,0.4542095464683685,True
51,2024-03-28,regularized,15,4,40,69,0.0952701080432173,12,0.4461947149530276,False
52,2024-04-30,shallow,7,3,80,21,0.14113122464611416,12,0.5089257300548221,True
52,2024-04-30,balanced,15,4,60,18,0.11704350057594413,12,0.4873340676719326,False
52,2024-04-30,flexible,31,5,40,192,0.12272108843537412,12,0.4703104581043398,False
52,2024-04-30,regularized,15,4,40,10,0.12405070753108138,12,0.47097159420349266,False
53,2024-05-31,shallow,7,3,80,24,0.14408807333854065,12,0.49040551311722974,True
53,2024-05-31,balanced,15,4,60,10,0.08241927596153882,12,0.46395409364045487,False
53,2024-05-31,flexible,31,5,40,27,0.0909483793517407,12,0.46249959727609596,False
53,2024-05-31,regularized,15,4,40,23,0.12323574052644747,12,0.46464097852627967,False
54,2024-06-28,shallow,7,3,80,24,0.14408807333854065,12,0.49040551311722974,True
54,2024-06-28,balanced,15,4,60,10,0.08241927596153882,12,0.46395409364045487,False
54,2024-06-28,flexible,31,5,40,27,0.0909483793517407,12,0.46249959727609596,False
54,2024-06-28,regularized,15,4,40,23,0.12323574052644747,12,0.46464097852627967,False
55,2024-07-31,shallow,7,3,80,31,0.13097926741981628,12,0.46211212723856393,True
55,2024-07-31,balanced,15,4,60,10,0.10654440097003585,12,0.4670506141866957,False
55,2024-07-31,flexible,31,5,40,18,0.11297941592831844,12,0.4379297263852655,False
55,2024-07-31,regularized,15,4,40,19,0.10737181017238145,12,0.4606416211420547,False
56,2024-08-30,shallow,7,3,80,11,0.062276307418948205,12,0.4459886869851653,False
56,2024-08-30,balanced,15,4,60,16,0.08774503382305533,12,0.4514606474069036,False
56,2024-08-30,flexible,31,5,40,6,0.1014272364171372,12,0.450531489449526,False
56,2024-08-30,regularized,15,4,40,38,0.1250985608356697,12,0.45518406372462783,True
57,2024-09-30,shallow,7,3,80,11,0.062276307418948205,12,0.4459886869851653,False
57,2024-09-30,balanced,15,4,60,16,0.08774503382305533,12,0.4514606474069036,False
57,2024-09-30,flexible,31,5,40,6,0.1014272364171372,12,0.450531489449526,False
57,2024-09-30,regularized,15,4,40,38,0.1250985608356697,12,0.45518406372462783,True
58,2024-10-31,shallow,7,3,80,11,0.14661806051982415,12,0.4894853855120352,True
58,2024-10-31,balanced,15,4,60,7,0.05738428549302373,12,0.44621667880628824,False
58,2024-10-31,flexible,31,5,40,14,0.1030673604680365,12,0.474016766663144,False
58,2024-10-31,regularized,15,4,40,7,0.08836417163550848,12,0.45052754754256136,False
59,2024-11-29,shallow,7,3,80,11,0.14661806051982415,12,0.4894853855120352,True
59,2024-11-29,balanced,15,4,60,7,0.05738428549302373,12,0.44621667880628824,False
59,2024-11-29,flexible,31,5,40,14,0.1030673604680365,12,0.474016766663144,False
59,2024-11-29,regularized,15,4,40,7,0.08836417163550848,12,0.45052754754256136,False
60,2024-12-31,shallow,7,3,80,28,0.08897344557983357,12,0.46006855909238964,False
60,2024-12-31,balanced,15,4,60,5,0.12025792219750425,12,0.4565299423751162,True
60,2024-12-31,flexible,31,5,40,5,0.09640788670537574,12,0.47330771517629106,False
60,2024-12-31,regularized,15,4,40,12,0.0804422233434771,12,0.4584971490419907,False
61,2025-01-31,shallow,7,3,80,28,0.08897344557983357,12,0.46006855909238964,False
61,2025-01-31,balanced,15,4,60,5,0.12025792219750425,12,0.4565299423751162,True
61,2025-01-31,flexible,31,5,40,5,0.09640788670537574,12,0.47330771517629106,False
61,2025-01-31,regularized,15,4,40,12,0.0804422233434771,12,0.4584971490419907,False
62,2025-02-28,shallow,7,3,80,32,0.11805759838386289,12,0.46289086384950556,True
62,2025-02-28,balanced,15,4,60,20,0.0714757875311045,12,0.4660239010420149,False
62,2025-02-28,flexible,31,5,40,11,0.10481247574208587,12,0.45702658416227043,False
62,2025-02-28,regularized,15,4,40,27,0.10284940309303976,12,0.4649662960240734,False
63,2025-03-31,shallow,7,3,80,54,0.04654661864745898,12,0.426890232099278,False
63,2025-03-31,balanced,15,4,60,57,0.021944777911164472,12,0.410424211160886,False
63,2025-03-31,flexible,31,5,40,6,0.06654673436830005,12,0.4190755229860124,True
63,2025-03-31,regularized,15,4,40,53,0.026650660264105643,12,0.4277832505992564,False
64,2025-04-30,shallow,7,3,80,32,0.004114410933599991,12,0.4341024878364585,False
64,2025-04-30,balanced,15,4,60,14,0.04546550692601956,12,0.42794651879607454,True
64,2025-04-30,flexible,31,5,40,23,0.03089458748474967,12,0.41401820328491007,False
64,2025-04-30,regularized,15,4,40,19,0.0304415165763245,12,0.4346695243792899,False
65,2025-05-30,shallow,7,3,80,36,-0.0026279262400380637,12,0.442979221892492,False
65,2025-05-30,balanced,15,4,60,37,0.004665866346538609,12,0.4032954403000946,False
65,2025-05-30,flexible,31,5,40,30,0.035505698347624744,12,0.40287188666037155,True
65,2025-05-30,regularized,15,4,40,27,0.023452265855069054,12,0.4430142615830936,False
66,2025-06-30,shallow,7,3,80,36,-0.0026279262400380637,12,0.442979221892492,False
66,2025-06-30,balanced,15,4,60,37,0.004665866346538609,12,0.4032954403000946,False
66,2025-06-30,flexible,31,5,40,30,0.035505698347624744,12,0.40287188666037155,True
66,2025-06-30,regularized,15,4,40,27,0.023452265855069054,12,0.4430142615830936,False
67,2025-07-31,shallow,7,3,80,2,0.030994046480283217,12,0.41259657107481135,True
67,2025-07-31,balanced,15,4,60,51,0.012725090036014403,12,0.4265194476390967,False
67,2025-07-31,flexible,31,5,40,54,0.009347739095638255,12,0.4231213850303593,False
67,2025-07-31,regularized,15,4,40,30,-0.006297866529361785,12,0.426496077212577,False
68,2025-08-29,shallow,7,3,80,18,0.04881771928282494,12,0.424470430746116,False
68,2025-08-29,balanced,15,4,60,29,0.06470949674994667,12,0.461734288105127,True
68,2025-08-29,flexible,31,5,40,43,0.06213685474189675,12,0.44667997220179784,False
68,2025-08-29,regularized,15,4,40,107,0.06149659863945578,12,0.42139599815220613,False
69,2025-09-30,shallow,7,3,80,52,0.07521717692854978,12,0.47240196528729017,True
69,2025-09-30,balanced,15,4,60,42,0.03198079231692677,12,0.47570011433597476,False
69,2025-09-30,flexible,31,5,40,27,0.029796904955466084,12,0.4454841219984398,False
69,2025-09-30,regularized,15,4,40,14,0.06020305692054748,12,0.4765817828076289,False
70,2025-10-31,shallow,7,3,80,40,0.06876807330012699,12,0.44072849450636437,True
70,2025-10-31,balanced,15,4,60,4,0.060596135652181964,12,0.44125742168483245,False
70,2025-10-31,flexible,31,5,40,92,0.05658263305322129,12,0.44863183258972233,False
70,2025-10-31,regularized,15,4,40,26,0.06064198050282582,12,0.47181104360600373,False
71,2025-11-28,shallow,7,3,80,40,0.06876807330012699,12,0.44072849450636437,True
71,2025-11-28,balanced,15,4,60,4,0.060596135652181964,12,0.44125742168483245,False
71,2025-11-28,flexible,31,5,40,92,0.05658263305322129,12,0.44863183258972233,False
71,2025-11-28,regularized,15,4,40,26,0.06064198050282582,12,0.47181104360600373,False
72,2025-12-31,shallow,7,3,80,26,0.08204639226226862,12,0.45770010448329007,False
72,2025-12-31,balanced,15,4,60,4,0.10348854558011578,12,0.44193614958910815,True
72,2025-12-31,flexible,31,5,40,90,0.028123249299719877,12,0.41019769486977764,False
72,2025-12-31,regularized,15,4,40,17,0.06320044934486085,12,0.4385939403325418,False
73,2026-01-30,shallow,7,3,80,26,0.08204639226226862,12,0.45770010448329007,False
73,2026-01-30,balanced,15,4,60,4,0.10348854558011578,12,0.44193614958910815,True
73,2026-01-30,flexible,31,5,40,90,0.028123249299719877,12,0.41019769486977764,False
73,2026-01-30,regularized,15,4,40,17,0.06320044934486085,12,0.4385939403325418,False
74,2026-02-27,shallow,7,3,80,25,0.07618595380168139,12,0.4381340602359464,True
74,2026-02-27,balanced,15,4,60,43,0.03869547819127652,12,0.43470464426772,False
74,2026-02-27,flexible,31,5,40,73,0.04041616646658663,12,0.43658198804238685,False
74,2026-02-27,regularized,15,4,40,34,0.07082164443145009,12,0.42832507832985955,False
75,2026-03-31,shallow,7,3,80,13,0.07959941396183959,12,0.46402268113645984,True
75,2026-03-31,balanced,15,4,60,23,0.06355906913344847,12,0.44369976245416803,False
75,2026-03-31,flexible,31,5,40,15,0.04427786950021855,12,0.4144707914637264,False
75,2026-03-31,regularized,15,4,40,23,0.07253489172779454,12,0.4419551330289509,False
76,2026-04-30,shallow,7,3,80,4,0.08214592962762067,12,0.44489768898698107,False
76,2026-04-30,balanced,15,4,60,2,0.07074312690522477,12,0.4316454739771578,False
76,2026-04-30,flexible,31,5,40,5,0.0956719879735531,12,0.4078932915487461,True
76,2026-04-30,regularized,15,4,40,14,0.05648628470299821,12,0.43923430323041357,False
77,2026-05-29,shallow,7,3,80,4,0.08214592962762067,12,0.44489768898698107,False
77,2026-05-29,balanced,15,4,60,2,0.07074312690522477,12,0.4316454739771578,False
77,2026-05-29,flexible,31,5,40,5,0.0956719879735531,12,0.4078932915487461,True
77,2026-05-29,regularized,15,4,40,14,0.05648628470299821,12,0.43923430323041357,False
